NoofAnalysts,AvgEstimate,LowEstimate,HighEstimate,YearAgoSales,SalesGrowth,CurrentYearFlag,Year,Ticker,stockId
17,3.18B,3.14B,3.23B,3.02B,5.20%,True,2021,PNR,11
16,3.32B,3.25B,3.49B,3.18B,4.70%,False,2021,PNR,11
12,2.71B,2.68B,2.76B,2.72B,-0.30%,True,2021,ALLE,37
12,2.83B,2.75B,2.92B,2.71B,4.40%,False,2021,ALLE,37
18,13.97B,13.83B,14.16B,12.57B,11.10%,True,2021,ITW,45
17,14.64B,14.46B,15.18B,13.97B,4.80%,False,2021,ITW,45
22,21.65B,21.05B,21.97B,17.2B,25.80%,True,2021,AMAT,48
20,23.03B,20.91B,24.65B,21.65B,6.40%,False,2021,AMAT,48
9,9.69B,9.53B,9.83B,9.38B,3.20%,True,2021,NWL,52
9,9.86B,9.63B,10.05B,9.69B,1.80%,False,2021,NWL,52
8,1.72B,1.68B,1.73B,1.68B,2.20%,True,2021,MAA,54
8,1.78B,1.74B,1.83B,1.72B,4.00%,False,2021,MAA,54
18,2.41B,2.12B,2.62B,2.57B,-6.40%,True,2021,EQR,80
13,2.46B,2.24B,2.69B,2.41B,2.20%,False,2021,EQR,80
18,15.89B,15.39B,16.55B,14.29B,11.20%,True,2021,EL,97
18,17.92B,16.69B,19.4B,15.89B,12.80%,False,2021,EL,97
19,17.84B,17.27B,18.55B,17.86B,-0.10%,True,2021,ETN,119
19,18.99B,17.48B,20.09B,17.84B,6.50%,False,2021,ETN,119
9,85.15B,82.67B,88.15B,86.03B,-1.00%,True,2021,BAC,134
10,89.17B,85.45B,95.62B,85.15B,4.70%,False,2021,BAC,134
20,3.11B,3.08B,3.14B,3.16B,-1.60%,True,2021,XLNX,137
22,3.47B,3.3B,3.71B,3.11B,11.40%,False,2021,XLNX,137
16,12.53B,12.5B,12.57B,11.67B,7.30%,True,2021,BAX,144
15,13.2B,13.08B,13.67B,12.53B,5.40%,False,2021,BAX,144
31,7.59B,7.52B,8.03B,6.75B,12.40%,True,2021,GPN,149
32,8.3B,8.14B,8.54B,7.59B,9.40%,False,2021,GPN,149
5,15.77B,15.06B,17.36B,14.58B,8.20%,True,2021,PFG,150
5,16.63B,15.52B,18.35B,15.77B,5.40%,False,2021,PFG,150
12,12.74B,10.49B,15.7B,10.57B,20.50%,True,2021,MAR,151
12,17.63B,11.82B,21.64B,12.74B,38.40%,False,2021,MAR,151
20,13.88B,10.67B,17.25B,9.05B,53.50%,True,2021,LUV,185
20,19.71B,16.77B,21.75B,13.88B,42.00%,False,2021,LUV,185
12,1.44B,1.37B,1.57B,1.2B,19.80%,True,2021,IPGP,187
10,1.64B,1.54B,1.79B,1.44B,13.70%,False,2021,IPGP,187
10,8B,7.97B,8.09B,7.41B,8.00%,True,2021,MSI,200
10,8.49B,8.37B,8.59B,8B,6.00%,False,2021,MSI,200
9,4.43B,4.2B,5.25B,5.06B,-12.50%,True,2021,PRGO,219
8,4.47B,4.29B,5.36B,4.43B,0.80%,False,2021,PRGO,219
14,5.24B,5.11B,5.38B,4.6B,13.80%,True,2021,MNST,257
15,5.76B,5.43B,5.99B,5.24B,10.00%,False,2021,MNST,257
12,5.06B,4.99B,5.18B,4.46B,13.60%,True,2021,ZBRA,276
12,5.3B,5.02B,5.45B,5.06B,4.70%,False,2021,ZBRA,276
21,3.21B,3.12B,3.33B,3.13B,2.50%,True,2021,ALB,321
21,3.67B,3.37B,4.07B,3.21B,14.50%,False,2021,ALB,321
18,12.55B,12.14B,12.87B,11.79B,6.40%,True,2021,ECL,323
18,13.3B,12.24B,13.77B,12.55B,6.00%,False,2021,ECL,323
15,165.72B,164.79B,169.92B,160.07B,3.50%,True,2021,CI,344
15,175.86B,173.72B,181.33B,165.72B,6.10%,False,2021,CI,344
16,16.76B,14.18B,17.5B,11.69B,43.40%,True,2021,SCHW,350
14,17.08B,15.75B,18.92B,16.76B,1.90%,False,2021,SCHW,350
18,5.03B,4.95B,5.08B,4.63B,8.60%,True,2021,FTV,361
17,5.3B,5.17B,5.52B,5.03B,5.40%,False,2021,FTV,361
12,118.01B,116.77B,120.69B,111.11B,6.20%,True,2021,CNC,375
12,124.06B,120.9B,130.9B,118.01B,5.10%,False,2021,CNC,375
18,9.16B,9.09B,9.2B,10.47B,-12.60%,True,2021,VFC,470
18,11.35B,10.98B,11.75B,9.16B,24.00%,False,2021,VFC,470
10,66.82B,64.7B,71.01B,64.36B,3.80%,True,2021,ADM,488
10,67.91B,65.07B,72.52B,66.82B,1.60%,False,2021,ADM,488
18,75.43B,74.4B,76.63B,70.95B,6.30%,True,2021,PG,541
18,78.03B,75.16B,79.79B,75.43B,3.40%,False,2021,PG,541
10,3.1B,3.07B,3.12B,2.71B,14.40%,True,2021,IDXX,543
9,3.42B,3.37B,3.44B,3.1B,10.40%,False,2021,IDXX,543
14,4B,3.85B,4.16B,3.78B,6.00%,True,2021,AWK,562
12,4.23B,4.06B,4.4B,4B,5.60%,False,2021,AWK,562
29,16.57B,15.94B,17.28B,14.46B,14.60%,True,2021,TXN,579
27,17.36B,16.23B,18.71B,16.57B,4.80%,False,2021,TXN,579
8,64.88B,63.47B,67.07B,66.47B,-2.40%,True,2021,MET,619
7,66.71B,64.68B,67.98B,64.88B,2.80%,False,2021,MET,619
11,13.79B,11.72B,14.29B,13.57B,1.70%,True,2021,J,623
10,14.68B,12.5B,15.53B,13.79B,6.40%,False,2021,J,623
11,9.28B,9.11B,9.44B,9.36B,-0.80%,True,2021,HII,680
11,9.59B,9.42B,9.71B,9.28B,3.30%,False,2021,HII,680
3,6.33B,5.78B,6.6B,5.99B,5.50%,True,2021,AJG,690
6,7.28B,6.58B,7.69B,6.33B,15.00%,False,2021,AJG,690
11,7.03B,6.85B,7.32B,6.66B,5.50%,True,2021,PKG,691
9,7.1B,6.87B,7.4B,7.03B,1.10%,False,2021,PKG,691
17,9.39B,9.04B,9.73B,8.6B,9.20%,True,2021,APH,704
16,9.97B,9.59B,10.45B,9.39B,6.20%,False,2021,APH,704
13,1.22B,1.19B,1.42B,1.12B,9.50%,True,2021,TYL,732
11,1.36B,1.28B,1.8B,1.22B,11.10%,False,2021,TYL,732
15,19.56B,19.36B,20.3B,17.12B,14.30%,True,2021,BDX,770
13,19.61B,19.13B,20.4B,19.56B,0.30%,False,2021,BDX,770
13,3.57B,3.44B,3.67B,3.73B,-4.20%,True,2021,FLS,794
12,3.76B,3.58B,3.95B,3.57B,5.30%,False,2021,FLS,794
17,17.4B,16.78B,17.8B,16.47B,5.60%,True,2021,CL,795
16,18.03B,17.2B,18.25B,17.4B,3.60%,False,2021,CL,795
19,5.1B,5.04B,5.18B,4.83B,5.50%,True,2021,WU,805
18,5.25B,5.15B,5.39B,5.1B,2.90%,False,2021,WU,805
12,3.35B,3.33B,3.41B,3.24B,3.60%,True,2021,CTXS,812
12,3.64B,3.5B,4.06B,3.35B,8.60%,False,2021,CTXS,812
18,14.89B,14.69B,14.98B,14.59B,2.00%,True,2021,ADP,875
18,15.83B,15.32B,16.27B,14.89B,6.30%,False,2021,ADP,875
11,4.56B,4.44B,4.76B,3.92B,16.50%,True,2021,FRC,967
11,5.13B,4.83B,5.56B,4.56B,12.40%,False,2021,FRC,967
22,6.62B,6.58B,6.69B,6B,10.40%,True,2021,EQIX,981
24,7.23B,7.06B,7.44B,6.62B,9.10%,False,2021,EQIX,981
14,1.94B,758M,3.96B,1.28B,51.40%,True,2021,NCLH,986
13,5.97B,4.94B,7.58B,1.94B,208.00%,False,2021,NCLH,986
7,1.23B,1.17B,1.39B,1.16B,5.80%,True,2021,EXR,1005
5,1.28B,1.2B,1.43B,1.23B,4.30%,False,2021,EXR,1005
17,6.65B,6.53B,6.75B,6.91B,-3.70%,True,2021,CFG,1010
17,6.72B,6.54B,6.97B,6.65B,1.10%,False,2021,CFG,1010
19,7.74B,7.24B,7.97B,7.19B,7.70%,True,2021,MAS,1018
18,8.03B,7.46B,8.31B,7.74B,3.70%,False,2021,MAS,1018
20,42.3B,39.87B,43.66B,34.61B,22.20%,True,2021,ABT,1092
19,42.2B,40.16B,45.06B,42.3B,-0.30%,False,2021,ABT,1092
11,13.67B,13.3B,14.04B,11.04B,23.80%,True,2021,PHM,1120
11,14.62B,12.99B,16.14B,13.67B,7.00%,False,2021,PHM,1120
29,15.13B,14.69B,15.42B,13.91B,8.80%,True,2021,FISV,1125
29,16.24B,15.79B,16.71B,15.13B,7.30%,False,2021,FISV,1125
21,90.01B,84.25B,97.95B,93.56B,-3.80%,True,2022,TGT,1145
18,93.66B,88.26B,97.95B,90.01B,4.10%,False,2022,TGT,1145
16,5.19B,5.09B,5.25B,4.88B,6.50%,True,2021,XYL,1157
16,5.47B,5.34B,5.61B,5.19B,5.40%,False,2021,XYL,1157
17,2.9B,2.8B,3.17B,2.67B,8.90%,True,2021,INCY,1185
15,3.45B,3.08B,3.99B,2.9B,18.90%,False,2021,INCY,1185
29,9.42B,6.85B,11.47B,6.8B,38.60%,True,2021,BKNG,1196
29,14.06B,11.45B,16.49B,9.42B,49.30%,False,2021,BKNG,1196
22,68.72B,65.38B,72.78B,65.39B,5.10%,True,2021,DIS,1226
22,85.9B,79.38B,93.48B,68.72B,25.00%,False,2021,DIS,1226
14,5.61B,5.51B,5.66B,5.37B,4.40%,True,2021,MCO,1231
14,6.01B,5.88B,6.11B,5.61B,7.10%,False,2021,MCO,1231
18,27.38B,26.92B,28.32B,26.98B,1.50%,True,2021,HPE,1244
16,27.7B,27.18B,28.8B,27.38B,1.20%,False,2021,HPE,1244
14,1.01B,1.01B,1.01B,841.43M,20.00%,True,2021,PAYC,1274
13,1.25B,1.12B,1.32B,1.01B,23.50%,False,2021,PAYC,1274
8,8.86B,8.68B,9.03B,9.01B,-1.70%,True,2021,NWSA,1275
8,9.02B,8.75B,9.24B,8.86B,1.90%,False,2021,NWSA,1275
10,49.73B,48.23B,51.23B,52.89B,-6.00%,True,2021,SYY,1282
11,58.77B,55.23B,60.92B,49.73B,18.20%,False,2021,SYY,1282
13,7.77B,7.44B,7.84B,7.44B,4.40%,True,2021,SPGI,1312
13,8.23B,7.78B,8.42B,7.77B,6.00%,False,2021,SPGI,1312
11,18.4B,18.17B,18.75B,16.9B,8.90%,True,2021,PNC,1323
12,20.33B,19.89B,21.22B,18.4B,10.50%,False,2021,PNC,1323
11,11.56B,11.31B,11.74B,11.55B,0.00%,True,2021,DVA,1333
9,11.89B,11.68B,12.1B,11.56B,2.90%,False,2021,DVA,1333
7,3.47B,3.45B,3.48B,6.29B,-44.90%,True,2021,NLSN,1350
8,3.56B,3.4B,3.65B,3.47B,2.80%,False,2021,NLSN,1350
29,164.21B,161.94B,166.55B,143.01B,14.80%,True,2021,MSFT,1358
29,182.82B,168.71B,192.27B,164.21B,11.30%,False,2021,MSFT,1358
22,14.18B,13.77B,14.62B,14.45B,-1.80%,True,2021,HAL,1368
22,15.93B,15.08B,16.86B,14.18B,12.30%,False,2021,HAL,1368
29,10.86B,10.4B,11.17B,10.62B,2.20%,True,2021,TSCO,1369
27,11.46B,10.43B,12.26B,10.86B,5.60%,False,2021,TSCO,1369
2,31.43B,31.06B,31.8B,30.4B,3.40%,True,2019,FOX,1370
1,34.86B,34.86B,34.86B,31.43B,10.90%,False,2019,FOX,1370
13,52.35B,50.45B,53.3B,47.99B,9.10%,True,2021,MRK,1381
12,55.23B,51.95B,57.76B,52.35B,5.50%,False,2021,MRK,1381
13,11.83B,11.35B,12.3B,10.67B,10.80%,True,2021,DISCK,1401
12,12.26B,11.61B,12.93B,11.83B,3.70%,False,2021,DISCK,1401
12,6.65B,2.95B,8.53B,1.86B,257.30%,True,2021,LYV,1411
11,11.79B,5.71B,13.87B,6.65B,77.30%,False,2021,LYV,1411
5,4.39B,4.37B,4.41B,4.15B,5.90%,True,2021,IRM,1421
5,4.54B,4.45B,4.59B,4.39B,3.50%,False,2021,IRM,1421
8,8.81B,8.21B,8.98B,7.99B,10.30%,True,2021,RJF,1467
9,9.29B,8.68B,9.9B,8.81B,5.40%,False,2021,RJF,1467
8,5.27B,4.64B,5.92B,4.7B,12.20%,True,2021,NI,1509
7,5.44B,4.83B,6.22B,5.27B,3.30%,False,2021,NI,1509
12,4.82B,4.73B,4.89B,4.22B,14.10%,True,2021,KEYS,1512
11,5.08B,4.94B,5.19B,4.82B,5.50%,False,2021,KEYS,1512
14,3.38B,3.33B,3.61B,3.15B,7.50%,True,2021,TRMB,1543
15,3.63B,3.49B,3.96B,3.38B,7.40%,False,2021,TRMB,1543
31,226.1B,213.04B,240.83B,182.53B,23.90%,True,2021,GOOG,1547
31,264.06B,244.32B,284.78B,226.1B,16.80%,False,2021,GOOG,1547
21,68.12B,67.78B,68.94B,65.4B,4.20%,True,2021,LMT,1557
21,70.6B,68.5B,72.93B,68.12B,3.60%,False,2021,LMT,1557
6,7.13B,6.9B,7.28B,7.02B,1.60%,True,2021,XRX,1568
5,6.98B,6.76B,7.54B,7.13B,-2.20%,False,2021,XRX,1568
19,4.44B,4.37B,4.47B,4.13B,7.50%,True,2021,EFX,1597
19,4.71B,4.59B,4.79B,4.44B,6.10%,False,2021,EFX,1597
21,25.77B,20.87B,30.93B,17.09B,50.70%,True,2021,DAL,1633
21,37.89B,32.78B,42.36B,25.77B,47.00%,False,2021,DAL,1633
9,4.74B,4.71B,4.8B,4.53B,4.70%,True,2021,BR,1636
9,4.99B,4.88B,5.08B,4.74B,5.20%,False,2021,BR,1636
15,8.84B,8.68B,9.46B,8.04B,9.90%,True,2021,AMT,1641
15,9.24B,8.86B,10.04B,8.84B,4.50%,False,2021,AMT,1641
19,4.31B,4.3B,4.34B,3.79B,13.70%,True,2022,ADSK,1642
21,5.11B,4.88B,5.41B,4.31B,18.60%,False,2022,ADSK,1642
6,1.05B,1.01B,1.12B,989.67M,5.80%,True,2021,REG,1651
3,1.1B,1.08B,1.11B,1.05B,4.70%,False,2021,REG,1651
15,6.7B,4.27B,7.5B,3.63B,84.70%,True,2021,PXD,1670
14,8.06B,5.31B,11.04B,6.7B,20.30%,False,2021,PXD,1670
17,15.03B,14.27B,15.42B,10.16B,47.90%,True,2021,BWA,1690
16,16.22B,15.55B,17B,15.03B,7.90%,False,2021,BWA,1690
12,5.7B,5.63B,5.77B,4.91B,16.10%,True,2021,IR,1703
12,6.05B,5.84B,6.21B,5.7B,6.10%,False,2021,IR,1703
11,26.08B,24.95B,28.91B,23.87B,9.30%,True,2021,DUK,1716
11,26.92B,25.76B,29.78B,26.08B,3.20%,False,2021,DUK,1716
26,111.82B,110.02B,116.19B,103.56B,8.00%,True,2021,CMCSA,1743
25,118.2B,114.09B,121.71B,111.82B,5.70%,False,2021,CMCSA,1743
3,6.86B,6.48B,7.06B,7.54B,-9.00%,True,2021,CINF,1761
3,7.23B,6.83B,7.44B,6.86B,5.50%,False,2021,CINF,1761
22,4.32B,2.95B,5.38B,2.81B,53.50%,True,2021,FANG,1764
20,4.8B,3.38B,5.6B,4.32B,11.30%,False,2021,FANG,1764
15,60.53B,59.27B,62.1B,56.64B,6.90%,True,2021,HPQ,1784
14,60.25B,54.12B,63.26B,60.53B,-0.50%,False,2021,HPQ,1784
15,19.89B,18.07B,22.66B,14.2B,40.10%,True,2021,FCX,1790
14,21.59B,17.16B,26.03B,19.89B,8.60%,False,2021,FCX,1790
27,16.04B,15.77B,16.48B,16.74B,-4.20%,True,2021,WDC,1795
26,18.41B,17B,21.47B,16.04B,14.80%,False,2021,WDC,1795
12,1.43B,1.39B,1.49B,1.49B,-4.00%,True,2021,ESS,1815
12,1.49B,1.42B,1.57B,1.43B,4.30%,False,2021,ESS,1815
12,1.95B,1.88B,2.04B,1.81B,7.40%,True,2021,PBCT,1867
12,1.97B,1.89B,2.08B,1.95B,0.90%,False,2021,PBCT,1867
18,4.95B,4.79B,5.18B,4.36B,13.70%,True,2021,ISRG,1870
17,5.78B,5.5B,6.41B,4.95B,16.60%,False,2021,ISRG,1870
17,17.77B,17.04B,18.29B,15.49B,14.70%,True,2021,DISH,1909
16,17.7B,16.73B,20.89B,17.77B,-0.40%,False,2021,DISH,1909
27,184.03B,173.86B,189.31B,166.76B,10.40%,True,2021,COST,1962
26,195.95B,189.55B,201.77B,184.03B,6.50%,False,2021,COST,1962
18,54.61B,54.09B,55.67B,51.53B,6.00%,True,2021,HCA,2015
18,57.59B,55.33B,59.69B,54.61B,5.50%,False,2021,HCA,2015
17,75.18B,74.34B,76.05B,70.37B,6.80%,True,2021,PEP,2027
17,78.54B,77.21B,79.34B,75.18B,4.50%,False,2021,PEP,2027
15,11.08B,10.9B,11.31B,5.08B,117.90%,True,2021,IFF,2036
15,12.06B,11.86B,12.53B,11.08B,8.80%,False,2021,IFF,2036
5,18.96B,18.2B,19.91B,16.26B,16.60%,True,2021,OXY,2062
6,18.93B,16.09B,20.16B,18.96B,-0.20%,False,2021,OXY,2062
14,14.32B,14.01B,15.03B,13.98B,2.40%,True,2021,LH,2070
13,13.48B,12.96B,14.6B,14.32B,-5.90%,False,2021,LH,2070
3,33.46B,31.54B,35.03B,33.04B,1.30%,True,2021,EXC,2078
3,34.27B,30.89B,36.02B,33.46B,2.40%,False,2021,EXC,2078
16,6.68B,6.63B,6.83B,5.81B,15.10%,True,2021,KLAC,2081
15,7.08B,6.96B,7.37B,6.68B,5.90%,False,2021,KLAC,2081
16,15.48B,15.29B,15.6B,15.81B,-2.10%,True,2021,BK,2095
16,15.88B,15.61B,16.26B,15.48B,2.60%,False,2021,BK,2095
7,25.26B,21.83B,27.8B,20.14B,25.40%,True,2021,NUE,2121
7,23.12B,20.54B,25.71B,25.26B,-8.50%,False,2021,NUE,2121
9,4.31B,4.26B,4.4B,3.94B,9.50%,True,2021,POOL,2126
9,4.59B,4.47B,4.67B,4.31B,6.40%,False,2021,POOL,2126
3,1.31B,1.31B,1.32B,1.27B,3.80%,True,2021,VRSN,2128
3,1.41B,1.39B,1.44B,1.31B,7.40%,False,2021,VRSN,2128
13,139.95B,131B,146.54B,122.48B,14.30%,True,2021,GM,2140
14,147.26B,139B,156.67B,139.95B,5.20%,False,2021,GM,2140
21,22.15B,21.68B,23.87B,19.81B,11.80%,True,2021,CMI,2206
20,23.69B,22.8B,25.07B,22.15B,6.90%,False,2021,CMI,2206
3,9.69B,9.59B,9.87B,8.68B,11.60%,True,2021,RE,2231
3,10.54B,10.38B,10.75B,9.69B,8.70%,False,2021,RE,2231
10,3.17B,3.1B,3.23B,2.9B,9.40%,True,2021,AOS,2265
10,3.28B,3.1B,3.38B,3.17B,3.50%,False,2021,AOS,2265
10,3.92B,3.84B,4.19B,3.24B,20.90%,True,2021,ILMN,2273
10,4.59B,4.16B,5.11B,3.92B,17.10%,False,2021,ILMN,2273
15,11.01B,10.83B,11.2B,11.05B,-0.40%,True,2021,CAG,2276
15,10.74B,10.4B,11.05B,11.01B,-2.50%,False,2021,CAG,2276
15,8.7B,7.34B,10.75B,5.16B,68.60%,True,2021,MGM,2290
15,11.39B,10.45B,12.6B,8.7B,30.90%,False,2021,MGM,2290
6,3.26B,2.99B,3.43B,2.82B,15.60%,True,2021,ATO,2299
7,3.58B,3.21B,3.77B,3.26B,9.60%,False,2021,ATO,2299
15,4.83B,4.77B,4.89B,4.54B,6.30%,True,2021,AME,2302
15,5.11B,4.97B,5.42B,4.83B,6.00%,False,2021,AME,2302
15,5.75B,5.41B,6.26B,3.78B,52.20%,True,2021,HOLX,2317
14,4.49B,3.9B,5.12B,5.75B,-21.80%,False,2021,HOLX,2317
29,17.82B,17.52B,18.16B,16.65B,7.00%,True,2021,CTSH,2349
29,18.85B,18.37B,19.94B,17.82B,5.80%,False,2021,CTSH,2349
14,20.77B,19.01B,22.9B,18B,15.40%,True,2021,NEE,2359
13,22.4B,20.37B,25.55B,20.77B,7.90%,False,2021,NEE,2359
19,17.39B,16.63B,18.31B,16.21B,7.30%,True,2021,CHRW,2366
18,17.79B,15.72B,19.4B,17.39B,2.30%,False,2021,CHRW,2366
9,2.48B,2.41B,2.54B,2.21B,12.30%,True,2021,CPRT,2391
10,2.72B,2.53B,2.99B,2.48B,9.90%,False,2021,CPRT,2391
7,7.89B,7.43B,8.09B,5.57B,41.70%,True,2021,BEN,2409
6,7.83B,7.35B,8.19B,7.89B,-0.80%,False,2021,BEN,2409
13,6.29B,6.12B,6.45B,5.54B,13.50%,True,2021,ROP,2437
13,6.6B,6.44B,7.04B,6.29B,4.90%,False,2021,ROP,2437
15,160.97B,158.21B,161.79B,152.92B,5.30%,True,2021,CAH,2448
18,168.16B,163.91B,170.67B,160.97B,4.50%,False,2021,CAH,2448
11,43.78B,42.74B,44.44B,43.19B,1.40%,True,2021,TSN,2473
12,44.93B,42.95B,46.08B,43.78B,2.60%,False,2021,TSN,2473
23,4.29B,4.13B,4.52B,4.12B,4.10%,True,2021,DPZ,2496
23,4.6B,4.42B,4.83B,4.29B,7.30%,False,2021,DPZ,2496
26,46.64B,45.5B,47.57B,47.26B,-1.30%,True,2022,BBY,2507
23,47.5B,46.01B,50.03B,46.64B,1.80%,False,2022,BBY,2507
16,38.8B,38.55B,39.29B,37.92B,2.30%,True,2021,GD,2538
16,40.47B,39.9B,41.29B,38.8B,4.30%,False,2021,GD,2538
19,13.21B,11.91B,14.22B,11.85B,11.50%,True,2022,LB,2566
17,13.78B,12.44B,15.85B,13.21B,4.30%,False,2022,LB,2566
12,6.22B,4.81B,7.47B,4.31B,44.50%,True,2021,HLT,2632
12,8.61B,7.2B,10.03B,6.22B,38.30%,False,2021,HLT,2632
25,87.47B,80.89B,91.33B,84.63B,3.40%,True,2021,UPS,2653
25,90.71B,81.27B,96.46B,87.47B,3.70%,False,2021,UPS,2653
14,205.06B,203B,206.15B,189.89B,8.00%,True,2021,ABC,2669
8,215.43B,213.4B,216.6B,205.06B,5.10%,False,2021,ABC,2669
9,13.55B,13.43B,13.88B,12.76B,6.20%,True,2021,OTIS,2673
8,14.03B,13.79B,14.4B,13.55B,3.60%,False,2021,OTIS,2673
6,1.02B,999.53M,1.04B,929.19M,9.50%,True,2021,DRE,2676
6,1.07B,1.04B,1.12B,1.02B,5.60%,False,2021,DRE,2676
12,20B,19.72B,20.21B,19.14B,4.50%,True,2021,KMB,2683
11,20.41B,19.9B,20.84B,20B,2.00%,False,2021,KMB,2683
22,15.91B,14.62B,16.57B,13.83B,15.00%,True,2021,PPG,2684
20,16.85B,15.83B,17.95B,15.91B,5.90%,False,2021,PPG,2684
16,7.06B,6.67B,7.35B,6.68B,5.70%,True,2021,CMS,2689
14,7.22B,6.71B,7.67B,7.06B,2.30%,False,2021,CMS,2689
16,9.11B,8.82B,9.45B,8.47B,7.50%,True,2021,EMN,2698
16,9.47B,9.2B,9.82B,9.11B,4.00%,False,2021,EMN,2698
9,7.74B,7.66B,7.81B,7.56B,2.40%,True,2021,WAB,2716
9,8.15B,7.92B,8.39B,7.74B,5.40%,False,2021,WAB,2716
12,10.39B,8.78B,11.76B,9.6B,8.20%,True,2021,PEG,2718
9,10.2B,8.77B,11.96B,10.39B,-1.80%,False,2021,PEG,2718
12,12.23B,11.82B,12.56B,11.63B,5.20%,True,2021,LKQ,2723
12,12.68B,12.25B,13.29B,12.23B,3.70%,False,2021,LKQ,2723
10,4.64B,4.49B,4.82B,4.43B,4.70%,True,2021,MLM,2726
10,4.99B,4.84B,5.17B,4.64B,7.60%,False,2021,MLM,2726
5,8.65B,8.39B,8.94B,8.1B,6.80%,True,2021,WRB,2807
4,9.25B,9.01B,9.71B,8.65B,6.90%,False,2021,WRB,2807
21,14.01B,13.18B,14.37B,10.04B,39.40%,True,2021,LRCX,2817
20,14.59B,13.27B,15.88B,14.01B,4.20%,False,2021,LRCX,2817
25,6.9B,6.65B,7.06B,6.33B,9.00%,True,2021,ROK,2861
24,7.36B,7.08B,8.01B,6.9B,6.70%,False,2021,ROK,2861
11,4.18B,4.06B,4.42B,3.78B,10.40%,True,2021,PKI,2880
11,3.57B,3.35B,3.88B,4.18B,-14.40%,False,2021,PKI,2880
22,13.2B,12.48B,13.59B,12.63B,4.50%,True,2021,AZO,2892
22,13.67B,13.1B,14.17B,13.2B,3.60%,False,2021,AZO,2892
13,4.66B,4.5B,4.76B,4.02B,16.00%,True,2021,ODFL,2913
12,5.09B,4.88B,5.3B,4.66B,9.30%,False,2021,ODFL,2913
13,7.95B,7.86B,7.99B,7.8B,2.00%,True,2021,SJM,2919
13,7.51B,7.42B,7.62B,7.95B,-5.50%,False,2021,SJM,2919
21,11.78B,11.58B,11.99B,11.6B,1.50%,True,2021,ORLY,2920
20,12.46B,12.13B,12.75B,11.78B,5.70%,False,2021,ORLY,2920
31,5.74B,5.48B,5.8B,4.52B,26.90%,True,2021,NOW,2965
31,7.16B,6.83B,7.7B,5.74B,24.80%,False,2021,NOW,2965
25,6.02B,5.94B,6.23B,7.4B,-18.60%,True,2021,ULTA,3010
25,7.32B,6.8B,7.72B,6.02B,21.60%,False,2021,ULTA,3010
14,4.03B,4.02B,4.05B,3.69B,9.40%,True,2021,SNPS,3036
15,4.38B,4.26B,4.51B,4.03B,8.70%,False,2021,SNPS,3036
24,86.72B,84.56B,90.18B,89.6B,-3.20%,True,2022,LOW,3060
24,89.49B,82.45B,95.7B,86.72B,3.20%,False,2022,LOW,3060
11,21.21B,20.68B,21.78B,20.84B,1.80%,True,2021,MO,3130
11,21.57B,20.95B,22.43B,21.21B,1.70%,False,2021,MO,3130
34,13.51B,12.91B,14.87B,9.76B,38.40%,True,2021,AMD,3152
34,15.62B,14.26B,18.43B,13.51B,15.60%,False,2021,AMD,3152
12,1.93B,1.89B,1.96B,1.7B,14.00%,True,2021,MSCI,3156
12,2.12B,2.06B,2.19B,1.93B,9.80%,False,2021,MSCI,3156
16,17.81B,17.55B,18.22B,17.63B,1.00%,True,2021,GIS,3160
15,17.66B,16.87B,18.35B,17.81B,-0.90%,False,2021,GIS,3160
2,270.96B,264.19B,277.72B,286.26B,-5.30%,True,2021,BRK-B,3164
2,286.65B,278.95B,294.36B,270.96B,5.80%,False,2021,BRK-B,3164
15,2.9B,2.87B,2.95B,2.68B,8.00%,True,2021,CDNS,3208
14,3.13B,2.97B,3.23B,2.9B,8.00%,False,2021,CDNS,3208
26,7.99B,7.78B,8.53B,7.02B,13.80%,True,2021,ZBH,3210
26,8.39B,7.6B,8.98B,7.99B,5.00%,False,2021,ZBH,3210
19,2.88B,2.83B,2.97B,2.91B,-1.10%,True,2021,CMA,3214
19,2.88B,2.8B,3.04B,2.88B,0.10%,False,2021,CMA,3214
19,1.34B,1.28B,1.44B,774.42M,73.00%,True,2021,ENPH,3221
19,1.78B,1.57B,2.04B,1.34B,33.00%,False,2021,ENPH,3221
17,6.94B,6.86B,7.03B,6.09B,14.00%,True,2021,FBHS,3232
17,7.3B,7.02B,7.43B,6.94B,5.20%,False,2021,FBHS,3232
16,18.79B,18.64B,19.26B,17.46B,7.70%,True,2021,CARR,3253
14,19.72B,19.19B,20.46B,18.79B,4.90%,False,2021,CARR,3253
17,1.22B,1.19B,1.28B,1.24B,-1.00%,True,2021,UDR,3262
14,1.27B,1.22B,1.31B,1.22B,3.80%,False,2021,UDR,3262
12,2.58B,2.55B,2.6B,2.35B,9.70%,True,2021,IEX,3276
12,2.72B,2.65B,2.83B,2.58B,5.40%,False,2021,IEX,3276
13,1.01B,979M,1.07B,844.45M,20.00%,True,2021,MPWR,3315
13,1.16B,1.11B,1.23B,1.01B,14.30%,False,2021,MPWR,3315
17,14.01B,13.79B,14.12B,13.7B,2.30%,True,2021,PH,3316
17,15.22B,14.65B,15.86B,14.01B,8.70%,False,2021,PH,3316
5,12.16B,9.74B,15.84B,11.18B,8.70%,True,2021,HFC,3351
5,13.82B,11.37B,17.87B,12.16B,13.70%,False,2021,HFC,3351
18,4.66B,4.3B,4.93B,4.12B,13.10%,True,2021,CF,3354
17,4.66B,4.11B,5.01B,4.66B,-0.00%,False,2021,CF,3354
25,11.92B,10.89B,12.68B,10.27B,16.10%,True,2021,EBAY,3376
25,12.79B,10.66B,14.14B,11.92B,7.30%,False,2021,EBAY,3376
17,14.05B,13.79B,14.35B,12.17B,15.40%,True,2021,TEL,3389
17,14.78B,14.21B,15.11B,14.05B,5.20%,False,2021,TEL,3389
24,5.09B,4.95B,5.25B,4.39B,15.90%,True,2021,EW,3413
24,5.67B,5.45B,5.93B,5.09B,11.50%,False,2021,EW,3413
4,4.75B,4.65B,4.81B,4.28B,11.00%,True,2021,LEG,3428
4,4.95B,4.88B,5.01B,4.75B,4.20%,False,2021,LEG,3428
7,124.9B,117.74B,149.16B,94.69B,31.90%,True,2021,CVX,3433
7,136.46B,114.08B,153.58B,124.9B,9.30%,False,2021,CVX,3433
38,18.05B,17.03B,18.84B,15.3B,18.00%,True,2021,MA,3440
38,21.29B,19.75B,22.82B,18.05B,17.90%,False,2021,MA,3440
21,10.82B,10.3B,11.64B,9.64B,12.30%,True,2021,JBHT,3449
20,11.69B,10.94B,13.14B,10.82B,8.00%,False,2021,JBHT,3449
14,18.23B,17.51B,18.75B,16.2B,12.50%,True,2021,BLK,3475
13,19.65B,18.61B,20.36B,18.23B,7.80%,False,2021,BLK,3475
23,11.87B,11.35B,12.3B,10.67B,11.30%,True,2021,DISCA,3488
22,12.35B,11.61B,13.25B,11.87B,4.00%,False,2021,DISCA,3488
8,32.91B,32.39B,33.68B,31.31B,5.10%,True,2021,CB,3490
8,34.6B,33.45B,35.62B,32.91B,5.10%,False,2021,CB,3490
20,10.23B,10.04B,10.34B,10.11B,1.20%,True,2021,AAP,3553
19,10.53B,10.22B,10.76B,10.23B,3.00%,False,2021,AAP,3553
12,17.45B,17.13B,17.8B,16.54B,5.50%,True,2021,GPC,3561
12,18B,17.48B,18.28B,17.45B,3.20%,False,2021,GPC,3561
16,6.22B,6.05B,6.37B,6.14B,1.40%,True,2021,NTRS,3584
16,6.47B,6.18B,6.9B,6.22B,4.00%,False,2021,NTRS,3584
14,5.61B,4.76B,6.2B,3.39B,65.50%,True,2021,ALK,3596
15,7.79B,6.83B,8.53B,5.61B,38.80%,False,2021,ALK,3596
11,26.06B,24.51B,26.98B,22.49B,15.90%,True,2021,LEN,3614
11,28.07B,25.76B,30.13B,26.06B,7.70%,False,2021,LEN,3614
24,20.52B,19.86B,20.82B,20.7B,-0.90%,True,2021,BKR,3642
22,21.89B,20.4B,22.69B,20.52B,6.70%,False,2021,BKR,3642
4,10.63B,10.33B,10.94B,10.09B,5.30%,True,2021,AIZ,3673
4,11.56B,11.02B,11.93B,10.63B,8.70%,False,2021,AIZ,3673
3,2.32B,2.31B,2.32B,2.16B,7.30%,True,2021,ROL,3681
2,2.47B,2.46B,2.47B,2.32B,6.40%,False,2021,ROL,3681
10,1.76B,1.73B,1.77B,1.7B,3.50%,True,2021,JKHY,3684
10,1.88B,1.84B,1.91B,1.76B,7.10%,False,2021,JKHY,3684
16,7.47B,7.4B,7.55B,6.67B,11.90%,True,2021,ZTS,3687
16,8.01B,7.72B,8.2B,7.47B,7.20%,False,2021,ZTS,3687
9,3.66B,3.54B,3.8B,3.8B,-3.50%,True,2021,VTR,3705
6,3.86B,3.7B,4.12B,3.66B,5.40%,False,2021,VTR,3705
14,11.83B,10.03B,12.75B,11.7B,1.10%,True,2021,KMI,3727
12,11.86B,9.81B,13.03B,11.83B,0.20%,False,2021,KMI,3727
26,48.02B,41.2B,56.47B,31.54B,52.30%,True,2021,TSLA,3747
25,62.54B,49.7B,76.02B,48.02B,30.20%,False,2021,TSLA,3747
16,5B,4.2B,5.55B,4.31B,16.00%,True,2021,APA,3795
13,4.99B,4.43B,5.78B,5B,-0.10%,False,2021,APA,3795
17,8.52B,8.44B,8.63B,8.34B,2.20%,True,2021,STZ,3803
16,8.42B,8.18B,8.61B,8.52B,-1.20%,False,2021,STZ,3803
5,81.58B,71.47B,91.46B,65.49B,24.60%,True,2021,PSX,3817
5,93.36B,71.29B,105.59B,81.58B,14.40%,False,2021,PSX,3817
24,26.47B,26.13B,27.2B,25.42B,4.10%,True,2021,AMGN,3871
24,27.4B,26.48B,28.47B,26.47B,3.50%,False,2021,AMGN,3871
6,13.28B,12.9B,13.56B,11.83B,12.30%,True,2021,AMP,3875
6,14.1B,13.43B,14.85B,13.28B,6.20%,False,2021,AMP,3875
27,28.52B,28B,29.27B,23.52B,21.30%,True,2021,SBUX,3909
28,30.83B,29.84B,32.42B,28.52B,8.10%,False,2021,SBUX,3909
7,2.75B,2.71B,2.8B,2.7B,1.60%,True,2021,VNT,3987
7,2.77B,2.71B,2.84B,2.75B,0.80%,False,2021,VNT,3987
5,81.94B,61.36B,103.15B,64.91B,26.20%,True,2021,VLO,3991
5,91.6B,66.34B,114.39B,81.94B,11.80%,False,2021,VLO,3991
7,18.88B,18.5B,19.4B,18.16B,4.00%,True,2021,LNC,3996
7,19.26B,18.85B,19.74B,18.88B,2.00%,False,2021,LNC,3996
26,15.2B,15.14B,15.57B,12.87B,18.20%,True,2021,ADBE,4005
25,17.41B,16.64B,18.16B,15.2B,14.50%,False,2021,ADBE,4005
27,7.5B,5.82B,8.88B,5.2B,44.30%,True,2021,EXPE,4012
26,10.45B,7.86B,12.4B,7.5B,39.30%,False,2021,EXPE,4012
13,3.16B,3.05B,3.26B,2.96B,6.80%,True,2021,RMD,4028
13,3.43B,3.31B,3.58B,3.16B,8.50%,False,2021,RMD,4028
10,134.3B,129.4B,135.22B,120.81B,11.20%,True,2021,ANTM,4031
9,143.63B,138.9B,147.97B,134.3B,6.90%,False,2021,ANTM,4031
16,6.35B,2.56B,10.51B,5.59B,13.60%,True,2021,CCL,4039
14,18.32B,14.85B,22.03B,6.35B,188.30%,False,2021,CCL,4039
2,20.74B,20.57B,20.9B,20.52B,1.00%,True,2021,HIG,4042
2,21.55B,21.23B,21.87B,20.74B,3.90%,False,2021,HIG,4042
16,7.25B,7.13B,7.34B,6.68B,8.40%,True,2021,DOV,4106
15,7.53B,7.34B,7.64B,7.25B,3.90%,False,2021,DOV,4106
6,44.76B,43.61B,45.39B,40.57B,10.30%,True,2021,PGR,4124
6,49.08B,48.4B,50.47B,44.76B,9.70%,False,2021,PGR,4124
20,4.85B,4.61B,5.17B,4.88B,-0.80%,True,2021,CME,4129
19,5.18B,4.87B,6.31B,4.85B,6.90%,False,2021,CME,4129
20,4.98B,4.88B,5.1B,4.64B,7.20%,True,2021,FMC,4146
19,5.26B,5.06B,5.36B,4.98B,5.60%,False,2021,FMC,4146
9,4.12B,4.01B,4.46B,3.79B,8.60%,True,2021,PLD,4156
10,4.36B,4.16B,4.87B,4.12B,5.90%,False,2021,PLD,4156
14,22.02B,20.48B,24.26B,20.38B,8.10%,True,2021,SO,4188
12,22.61B,21.41B,25.07B,22.02B,2.70%,False,2021,SO,4188
12,6.7B,6.29B,7.11B,6.66B,0.60%,True,2021,HBI,4198
10,6.95B,6.07B,7.29B,6.7B,3.70%,False,2021,HBI,4198
15,13.11B,12.6B,13.79B,11.78B,11.30%,True,2021,BLL,4206
15,14.11B,13.42B,15.12B,13.11B,7.70%,False,2021,BLL,4206
15,3.85B,3.54B,4.36B,3.09B,24.70%,True,2021,MRO,4208
18,3.98B,3.47B,5.4B,3.85B,3.60%,False,2021,MRO,4208
21,10.75B,10.63B,11.06B,9.79B,9.80%,True,2021,NSC,4234
21,11.31B,10.9B,11.91B,10.75B,5.20%,False,2021,NSC,4234
17,65.33B,64.2B,68.21B,57.15B,14.30%,True,2021,RTX,4246
16,71.01B,68.9B,74.43B,65.33B,8.70%,False,2021,RTX,4246
21,132.74B,131.93B,134.13B,122.29B,8.60%,True,2021,KR,4272
22,128.33B,122.35B,136.55B,132.74B,-3.30%,False,2021,KR,4272
32,13.64B,13.53B,13.78B,12.55B,8.60%,True,2021,FIS,4279
32,14.69B,14.4B,14.98B,13.64B,7.70%,False,2021,FIS,4279
36,23.23B,22.48B,24.12B,21.85B,6.30%,True,2021,V,4282
35,27.44B,25.82B,30.65B,23.23B,18.10%,False,2021,V,4282
15,279.16B,273.13B,283B,257.14B,8.60%,True,2021,UNH,4288
15,302B,291.2B,309.7B,279.16B,8.20%,False,2021,UNH,4288
9,21.89B,21.57B,22.31B,22.83B,-4.10%,True,2021,TFC,4300
9,21.88B,21.56B,22.63B,21.89B,-0.00%,False,2021,TFC,4300
10,1.08B,1.03B,1.13B,1.04B,3.10%,True,2021,KIM,4306
8,1.1B,1.05B,1.18B,1.08B,2.50%,False,2021,KIM,4306
23,3.98B,3.98B,3.99B,3.24B,23.00%,True,2021,QRVO,4328
24,4.38B,4.12B,4.52B,3.98B,9.80%,False,2021,QRVO,4328
17,28.7B,28.09B,29.19B,27.24B,5.30%,True,2021,LIN,4375
17,30.13B,28.83B,30.8B,28.7B,5.00%,False,2021,LIN,4375
15,81.8B,81.27B,85.54B,75.8B,7.90%,True,2021,HUM,4408
15,89.99B,87.94B,91.74B,81.8B,10.00%,False,2021,HUM,4408
16,8.83B,8.63B,8.98B,8.53B,3.60%,True,2021,URI,4419
18,9.24B,8.28B,9.72B,8.83B,4.60%,False,2021,URI,4419
23,34.28B,33.64B,34.92B,32.64B,5.00%,True,2021,HON,4444
21,36.58B,35.31B,37.33B,34.28B,6.70%,False,2021,HON,4444
7,11.8B,11.49B,12.09B,11.96B,-1.40%,True,2021,UNM,4503
7,12.04B,11.71B,12.32B,11.8B,2.00%,False,2021,UNM,4503
3,4.99B,4.96B,5B,4.74B,5.20%,True,2021,GL,4505
3,5.19B,5.18B,5.21B,4.99B,4.10%,False,2021,GL,4505
5,10.74B,9.02B,12.05B,9.09B,18.10%,True,2021,NRG,4525
5,10.2B,7.35B,11.73B,10.74B,-5.00%,False,2021,NRG,4525
17,3.44B,3.11B,3.68B,2.47B,39.20%,True,2021,ALGN,4599
17,4.21B,3.88B,4.49B,3.44B,22.30%,False,2021,ALGN,4599
14,5.14B,5.11B,5.17B,4.9B,4.90%,True,2021,CHD,4604
13,5.31B,5.24B,5.4B,5.14B,3.40%,False,2021,CHD,4604
26,2.68B,2.64B,2.77B,2.32B,15.60%,True,2021,ANET,4617
25,3B,2.83B,3.26B,2.68B,12.10%,False,2021,ANET,4617
26,39.69B,38.66B,44.42B,36.09B,10.00%,True,2021,AXP,4628
25,44.28B,41.85B,46.24B,39.69B,11.60%,False,2021,AXP,4628
7,12.22B,12.14B,12.3B,11.56B,5.70%,True,2021,UHS,4630
12,12.64B,12.12B,12.97B,12.22B,3.50%,False,2021,UHS,4630
11,2.17B,1.74B,2.49B,1.64B,32.20%,True,2021,PEAK,4634
9,2.25B,1.86B,2.56B,2.17B,3.50%,False,2021,PEAK,4634
15,2.56B,2.55B,2.62B,2.37B,8.40%,True,2021,WAT,4644
15,2.7B,2.64B,2.73B,2.56B,5.20%,False,2021,WAT,4644
13,46.33B,45.58B,47.92B,42.52B,9.00%,True,2021,BMY,4648
13,48.31B,46.76B,49.39B,46.33B,4.30%,False,2021,BMY,4648
16,240.01B,238.26B,241.2B,231.05B,3.90%,True,2021,MCK,4654
16,251.07B,247.69B,255.68B,240.01B,4.60%,False,2021,MCK,4654
13,2.17B,1.81B,2.35B,1.73B,25.50%,True,2021,ETSY,4685
14,2.55B,2.06B,3.07B,2.17B,17.90%,False,2021,ETSY,4685
20,2.66B,2.59B,2.72B,2.39B,11.50%,True,2021,FLT,4687
20,2.96B,2.85B,3.09B,2.66B,11.00%,False,2021,FLT,4687
35,333.58B,316.27B,343.55B,274.51B,21.50%,True,2021,AAPL,4688
33,348.17B,291.56B,386.5B,333.58B,4.40%,False,2021,AAPL,4688
18,279.9B,278.4B,282.45B,268.71B,4.20%,True,2021,CVS,4696
18,291.22B,288.76B,295.87B,279.9B,4.00%,False,2021,CVS,4696
20,14.72B,14.38B,15.27B,14.22B,3.50%,True,2021,CTVA,4707
19,15.43B,14.76B,16.62B,14.72B,4.80%,False,2021,CTVA,4707
19,3.99B,3.96B,4.02B,4.04B,-1.30%,True,2021,PAYX,4725
19,4.22B,4.12B,4.32B,3.99B,5.90%,False,2021,PAYX,4725
12,7.46B,7.38B,7.58B,6.97B,7.10%,True,2021,AVY,4729
13,7.76B,7.62B,7.97B,7.46B,4.00%,False,2021,AVY,4729
7,80.66B,60B,113.4B,69.03B,16.80%,True,2021,MPC,4733
6,87.78B,60B,119.13B,80.66B,8.80%,False,2021,MPC,4733
21,17.82B,17.35B,18.09B,16.79B,6.10%,True,2021,EMR,4738
21,18.8B,18.24B,19.38B,17.82B,5.60%,False,2021,EMR,4738
33,22.1B,20.2B,23.16B,16.68B,32.50%,True,2022,NVDA,4754
33,24.55B,20.14B,27.58B,22.1B,11.10%,False,2022,NVDA,4754
10,10.12B,9.89B,10.54B,9.61B,5.30%,True,2021,HRL,4767
11,10.34B,9.98B,11.33B,10.12B,2.30%,False,2021,HRL,4767
12,13.12B,12.05B,15.46B,12.18B,7.70%,True,2021,DTE,4774
9,12.86B,12.33B,13.23B,13.12B,-2.00%,False,2021,DTE,4774
28,3.06B,2.92B,3.23B,2.59B,17.80%,True,2021,FTNT,4786
26,3.52B,3.39B,3.6B,3.06B,15.00%,False,2021,FTNT,4786
0.0,,,,,,True,2021,L,4820
0.0,,,,,,False,2021,L,4820
15,10.79B,10.71B,10.93B,10.15B,6.30%,True,2021,RSG,4949
15,11.27B,11.07B,11.42B,10.79B,4.40%,False,2021,RSG,4949
6,25.54B,25.3B,25.74B,23.83B,7.20%,True,2021,CBRE,4960
6,27.58B,26.89B,27.93B,25.54B,8.00%,False,2021,CBRE,4960
1,4.86B,4.86B,4.86B,4.47B,8.60%,True,2021,UA,4967
1,5.25B,5.25B,5.25B,4.86B,8.00%,False,2021,UA,4967
32,43.26B,42.05B,45.12B,37.4B,15.60%,True,2021,NKE,4988
32,48.06B,46.1B,51.59B,43.26B,11.10%,False,2021,NKE,4988
25,6.73B,6.39B,7.07B,7.81B,-13.80%,True,2021,DRI,4999
26,8.79B,7.9B,9.39B,6.73B,30.50%,False,2021,DRI,4999
6,11.51B,8.86B,13.62B,8.54B,34.70%,True,2021,OKE,5004
6,11.64B,9.03B,13.97B,11.51B,1.20%,False,2021,OKE,5004
29,4.91B,4.74B,5.25B,4.47B,9.60%,True,2021,UAA,5007
26,5.15B,4.57B,5.43B,4.91B,5.00%,False,2021,UAA,5007
12,7.06B,6.94B,7.14B,7.09B,-0.40%,True,2021,CTAS,5009
13,7.54B,6.89B,7.78B,7.06B,6.80%,False,2021,CTAS,5009
8,8.71B,6.23B,10.18B,4.83B,80.40%,True,2021,DVN,5037
8,9.16B,6.75B,10.23B,8.71B,5.20%,False,2021,DVN,5037
24,12.53B,12.1B,12.76B,12.3B,1.80%,True,2021,FOXA,5061
24,12.91B,12.32B,13.34B,12.53B,3.00%,False,2021,FOXA,5061
18,35.48B,35.05B,37.07B,32.22B,10.10%,True,2021,TMO,5108
18,34.45B,31.4B,36.42B,35.48B,-2.90%,False,2021,TMO,5108
23,133.12B,130.92B,136.79B,128.29B,3.80%,True,2021,VZ,5127
23,135.55B,132.89B,139.79B,133.12B,1.80%,False,2021,VZ,5127
17,4.85B,4.61B,5.04B,5.1B,-5.00%,True,2021,TDG,5166
18,5.49B,5.22B,5.83B,4.85B,13.20%,False,2021,TDG,5166
12,13.22B,12.63B,14.83B,12.25B,7.90%,True,2021,ED,5171
10,13.48B,13.08B,14.25B,13.22B,2.00%,False,2021,ED,5171
16,69.24B,67.78B,71.25B,72.34B,-4.30%,True,2021,WFC,5195
15,70.13B,68.12B,72.29B,69.24B,1.30%,False,2021,WFC,5195
12,13.05B,12.48B,13.41B,11.45B,14.00%,True,2021,GLW,5202
11,13.72B,12.98B,14.05B,13.05B,5.10%,False,2021,GLW,5202
8,3.79B,3.72B,3.86B,3.59B,5.40%,True,2021,SNA,5204
8,3.91B,3.83B,4.03B,3.79B,3.30%,False,2021,SNA,5204
13,14.6B,11.75B,15.44B,14.4B,1.40%,True,2021,SYF,5208
13,15.59B,13.02B,16.91B,14.6B,6.80%,False,2021,SYF,5208
16,8.39B,8.25B,8.48B,8.15B,2.90%,True,2021,HSY,5210
13,8.6B,8.37B,8.86B,8.39B,2.60%,False,2021,HSY,5210
13,1.85B,1.82B,1.92B,1.68B,9.90%,True,2021,ANSS,5212
13,2.04B,1.95B,2.2B,1.85B,10.40%,False,2021,ANSS,5212
42,473.93B,439.13B,511.17B,386.06B,22.80%,True,2021,AMZN,5215
41,557.08B,505.68B,613.47B,473.93B,17.50%,False,2021,AMZN,5215
16,6.76B,6.7B,6.83B,6.71B,0.70%,True,2021,KEY,5216
17,6.73B,6.48B,7B,6.76B,-0.50%,False,2021,KEY,5216
22,6.3B,5.68B,6.49B,5.65B,11.50%,True,2021,YUM,5241
22,6.69B,5.82B,6.99B,6.3B,6.20%,False,2021,YUM,5241
10,6.26B,5.98B,6.48B,5.79B,8.00%,True,2021,AEE,5252
9,6.51B,6.1B,6.77B,6.26B,4.00%,False,2021,AEE,5252
17,3.31B,3.12B,3.46B,3.12B,5.90%,True,2021,TER,5281
16,3.51B,3.24B,3.75B,3.31B,6.20%,False,2021,TER,5281
15,18.95B,18.58B,19.43B,20.32B,-6.70%,True,2021,KMX,5298
15,22.07B,20.51B,23.41B,18.95B,16.40%,False,2021,KMX,5298
13,46.31B,44.3B,50.04B,41.75B,10.90%,True,2021,CAT,5364
13,50.77B,47.94B,54.8B,46.31B,9.60%,False,2021,CAT,5364
22,5.43B,5.41B,5.43B,5.27B,2.90%,True,2021,MCHP,5370
22,6.12B,5.89B,6.33B,5.43B,12.90%,False,2021,MCHP,5370
37,30.05B,29.58B,30.8B,25B,20.20%,True,2021,NFLX,5371
35,34.79B,33.02B,36.4B,30.05B,15.80%,False,2021,NFLX,5371
12,3.38B,3.27B,3.43B,3.09B,9.40%,True,2021,MTD,5374
11,3.57B,3.5B,3.62B,3.38B,5.80%,False,2021,MTD,5374
12,22.41B,20.72B,24.16B,17.15B,30.70%,True,2021,PCAR,5402
13,25.01B,22.88B,27.24B,22.41B,11.60%,False,2021,PCAR,5402
8,2.84B,2.69B,3.08B,2.77B,2.90%,True,2021,BXP,5412
7,2.96B,2.73B,3.33B,2.84B,4.20%,False,2021,BXP,5412
24,173.24B,171.53B,175.45B,171.76B,0.90%,True,2021,T,5430
24,174.29B,171.8B,178.22B,173.24B,0.60%,False,2021,T,5430
11,13.9B,13.79B,14.11B,12.3B,13.10%,True,2021,LDOS,5432
11,14.88B,14.58B,15.11B,13.9B,7.10%,False,2021,LDOS,5432
35,4.79B,4.44B,5B,3.72B,28.80%,True,2021,TWTR,5434
33,5.84B,5.33B,6.36B,4.79B,22.00%,False,2021,TWTR,5434
24,16.8B,15.66B,17.89B,12.53B,34.10%,True,2022,ROST,5513
16,18.16B,17.05B,22.15B,16.8B,8.10%,False,2022,ROST,5513
10,9.7B,9.51B,9.82B,9.35B,3.70%,True,2021,WLTW,5544
9,10.2B,9.99B,10.45B,9.7B,5.20%,False,2021,WLTW,5544
11,5.54B,5.29B,5.75B,5.11B,8.40%,True,2021,RHI,5567
11,5.97B,5.62B,6.29B,5.54B,7.80%,False,2021,RHI,5567
21,42.31B,40.56B,44.37B,32.14B,31.60%,True,2022,TJX,5665
20,45.89B,43.8B,49.28B,42.31B,8.50%,False,2022,TJX,5665
16,15.57B,15.28B,16.04B,14.53B,7.10%,True,2021,SWK,5673
16,16.73B,15.81B,19B,15.57B,7.40%,False,2021,SWK,5673
3,44.8B,43.87B,45.84B,45.25B,-1.00%,True,2021,AIG,5706
3,46.87B,45.51B,48.4B,44.8B,4.60%,False,2021,AIG,5706
4,2.63B,2.5B,2.68B,2.55B,3.30%,True,2021,BIO,5711
3,2.74B,2.73B,2.74B,2.63B,4.00%,False,2021,BIO,5711
44,25.68B,25.45B,26.27B,21.45B,19.70%,True,2021,PYPL,5715
45,30.95B,29.08B,32.68B,25.68B,20.50%,False,2021,PYPL,5715
21,6.59B,6.22B,7.23B,6.07B,8.50%,True,2021,ALXN,5716
19,7.13B,6.47B,7.84B,6.59B,8.30%,False,2021,ALXN,5716
32,7.23B,7.04B,7.46B,5.98B,20.90%,True,2021,CMG,5728
31,8.15B,7.83B,8.49B,7.23B,12.70%,False,2021,CMG,5728
9,31.06B,30.31B,31.86B,29.73B,4.50%,True,2021,TRV,5731
10,32.84B,31.5B,34.66B,31.06B,5.70%,False,2021,TRV,5731
13,12.09B,11.78B,12.31B,11.2B,7.90%,True,2021,PWR,5737
12,12.84B,12.44B,13.42B,12.09B,6.20%,False,2021,PWR,5737
23,33.62B,33.38B,33.83B,27.75B,21.10%,True,2021,DG,5795
23,34.08B,32.84B,35.29B,33.62B,1.40%,False,2021,DG,5795
14,31.28B,30.59B,31.78B,28.69B,9.00%,True,2021,PM,5843
14,33.17B,32.51B,34.23B,31.28B,6.10%,False,2021,PM,5843
24,19.46B,19.16B,19.7B,18.36B,6.00%,True,2021,SHW,5845
24,20.35B,19.92B,20.88B,19.46B,4.60%,False,2021,SHW,5845
16,23.27B,22.84B,23.65B,22.32B,4.30%,True,2021,JCI,5852
15,24.3B,24.02B,25.04B,23.27B,4.40%,False,2021,JCI,5852
14,3.42B,3.37B,3.47B,3.36B,1.60%,True,2021,BF-B,5854
13,3.65B,3.54B,3.8B,3.42B,7.00%,False,2021,BF-B,5854
30,10.58B,9.76B,10.96B,13.44B,-21.30%,True,2021,BIIB,5869
29,10.66B,8.89B,13.97B,10.58B,0.80%,False,2021,BIIB,5869
10,4.6B,4.58B,4.64B,4.19B,9.80%,True,2021,GRMN,5874
10,4.97B,4.84B,5.13B,4.6B,8.20%,False,2021,GRMN,5874
5,1.51B,1.46B,1.55B,1.47B,2.40%,True,2021,ARE,5879
6,1.76B,1.5B,2.3B,1.51B,16.90%,False,2021,ARE,5879
17,16.94B,15.89B,18.06B,15.22B,11.30%,True,2021,WM,5882
16,17.61B,16.69B,18.13B,16.94B,4.00%,False,2021,WM,5882
19,5.82B,5.72B,5.89B,5.51B,5.70%,True,2021,CERN,5900
19,6.12B,5.98B,6.25B,5.82B,5.20%,False,2021,CERN,5900
4,15.94B,15.47B,16.3B,14.92B,6.80%,True,2021,AEP,5905
4,16.6B,16.2B,17.03B,15.94B,4.10%,False,2021,AEP,5905
30,8.53B,7.97B,8.76B,8.42B,1.30%,True,2021,ATVI,5917
28,9.66B,8.7B,10.94B,8.53B,13.40%,False,2021,ATVI,5917
18,4.61B,4.57B,4.64B,4.45B,3.60%,True,2021,JNPR,5920
18,4.75B,4.66B,4.87B,4.61B,3.10%,False,2021,JNPR,5920
2,1.55B,1.54B,1.57B,1.53B,1.80%,True,2021,VNO,5948
2,1.72B,1.7B,1.74B,1.55B,10.80%,False,2021,VNO,5948
12,10.58B,9.87B,12.01B,10.12B,4.60%,True,2021,EXPD,5952
13,10.27B,9.18B,11.64B,10.58B,-2.90%,False,2021,EXPD,5952
13,6.91B,6.8B,7.01B,6.04B,14.50%,True,2021,ICE,5954
13,7.2B,7.04B,7.36B,6.91B,4.20%,False,2021,ICE,5954
17,4.32B,4.27B,4.38B,3.9B,10.60%,True,2021,DLR,5960
17,4.65B,4.5B,4.83B,4.32B,7.70%,False,2021,DLR,5960
12,3.73B,3.61B,4B,3.59B,4.10%,True,2021,PNW,5980
11,3.88B,3.7B,4.18B,3.73B,3.90%,False,2021,PNW,5980
12,3.89B,3.83B,3.94B,3.09B,25.70%,True,2021,CTLT,5992
12,4.27B,4.15B,4.59B,3.89B,9.70%,False,2021,CTLT,5992
19,2.56B,2.53B,2.58B,2.36B,8.40%,True,2021,FFIV,6020
19,2.73B,2.56B,2.8B,2.56B,6.90%,False,2021,FFIV,6020
8,8.25B,7.19B,8.66B,7.53B,9.60%,True,2021,WY,6068
8,7.68B,7.17B,8.16B,8.25B,-7.00%,False,2021,WY,6068
10,8.44B,8.32B,8.55B,8.06B,4.70%,True,2021,IPG,6158
10,8.73B,8.55B,8.89B,8.44B,3.40%,False,2021,IPG,6158
16,5.92B,5.75B,6.09B,5.65B,4.90%,True,2021,FAST,6163
16,6.43B,6.25B,6.71B,5.92B,8.60%,False,2021,FAST,6163
15,74.2B,72.86B,75.24B,73.62B,0.80%,True,2021,IBM,6176
14,75.15B,73.18B,77.75B,74.2B,1.30%,False,2021,IBM,6176
17,34.37B,33.8B,34.81B,32.18B,6.80%,True,2021,MMM,6177
15,35.7B,34.81B,36.96B,34.37B,3.90%,False,2021,MMM,6177
20,69.56B,67.26B,71.92B,74.3B,-6.40%,True,2021,C,6245
20,72.02B,69.47B,75.77B,69.56B,3.50%,False,2021,C,6245
13,11.82B,11.21B,13B,11.37B,4.00%,True,2021,SRE,6247
11,12.28B,11.63B,13.52B,11.82B,3.80%,False,2021,SRE,6247
17,25.08B,23.99B,26.39B,26.18B,-4.20%,True,2021,KHC,6269
16,24.52B,23.13B,26.89B,25.08B,-2.20%,False,2021,KHC,6269
25,10.42B,10.1B,10.56B,10.51B,-0.90%,True,2021,STX,6272
24,10.94B,10.36B,11.83B,10.42B,5.10%,False,2021,STX,6272
24,11.43B,11.17B,11.61B,9.91B,15.30%,True,2021,BSX,6318
24,12.39B,11.95B,13.34B,11.43B,8.40%,False,2021,BSX,6318
19,8.97B,8.89B,9.06B,7.68B,16.80%,True,2021,INTU,6332
20,10.34B,10.18B,10.71B,8.97B,15.40%,False,2021,INTU,6332
23,49.18B,48.71B,49.55B,49.3B,-0.20%,True,2021,CSCO,6402
23,51B,50.22B,51.82B,49.18B,3.70%,False,2021,CSCO,6402
14,8.66B,7.32B,10.07B,3.61B,139.60%,True,2021,LVS,6413
15,12.57B,11.51B,13.59B,8.66B,45.20%,False,2021,LVS,6413
16,15.4B,14.37B,15.72B,20.4B,-24.50%,True,2021,DD,6448
16,15.95B,14.64B,16.63B,15.4B,3.60%,False,2021,DD,6448
18,43.86B,41.81B,46.81B,38.54B,13.80%,True,2021,DOW,6459
20,44.67B,41.32B,49.74B,43.86B,1.80%,False,2021,DOW,6459
24,5.69B,5.66B,5.71B,5.41B,5.10%,True,2021,NTAP,6463
24,5.95B,5.7B,6.21B,5.69B,4.60%,False,2021,NTAP,6463
15,5.92B,5.87B,6.09B,5.34B,10.90%,True,2021,A,6474
17,6.24B,5.99B,6.5B,5.92B,5.50%,False,2021,A,6474
14,3.13B,3B,3.23B,2.9B,7.80%,True,2021,NDAQ,6475
14,3.3B,3.17B,3.43B,3.13B,5.60%,False,2021,NDAQ,6475
9,9.43B,9.03B,10.6B,8.9B,6.00%,True,2021,ES,6500
10,9.58B,8.74B,10.46B,9.43B,1.50%,False,2021,ES,6500
11,11.52B,11.28B,11.67B,11.07B,4.10%,True,2021,AON,6510
11,12.07B,11.54B,12.36B,11.52B,4.80%,False,2021,AON,6510
5,3.64B,3.29B,3.81B,3.42B,6.40%,True,2021,LNT,6512
4,3.68B,3.36B,3.89B,3.64B,1.30%,False,2021,LNT,6512
10,30.19B,27.11B,33.01B,19.26B,56.80%,True,2021,COP,6517
9,31.87B,28.26B,35.99B,30.19B,5.60%,False,2021,COP,6517
15,141.38B,131.89B,147.37B,139.54B,1.30%,True,2021,WBA,6569
16,140.47B,128.04B,153.87B,141.38B,-0.60%,False,2021,WBA,6569
13,11.95B,11.69B,13.3B,11.5B,3.90%,True,2020,VTRS,6624
16,17.89B,17.21B,19.16B,11.95B,49.70%,False,2020,VTRS,6624
19,21.91B,21.37B,23.17B,23.6B,-7.20%,True,2021,SLB,6642
19,24.42B,22.48B,26B,21.91B,11.50%,False,2021,SLB,6642
4,9.15B,8.71B,9.77B,7.33B,24.90%,True,2021,NVR,6660
4,9.84B,9.39B,10.84B,9.15B,7.40%,False,2021,NVR,6660
18,11.49B,10.54B,11.9B,11.09B,3.60%,True,2021,DFS,6666
17,12.2B,11.74B,12.94B,11.49B,6.20%,False,2021,DFS,6666
7,1.94B,1.91B,1.97B,1.92B,1.10%,True,2021,FLIR,6671
7,2.02B,1.98B,2.08B,1.94B,4.10%,False,2021,FLIR,6671
14,25.91B,25.4B,26.82B,20.31B,27.50%,True,2021,DHI,6698
16,29.72B,26.49B,32.75B,25.91B,14.70%,False,2021,DHI,6698
26,548.89B,523.32B,575.74B,559.15B,-1.80%,True,2022,WMT,6707
26,566.9B,544.66B,592.46B,548.89B,3.30%,False,2022,WMT,6707
10,18.08B,17.84B,18.3B,17.22B,5.00%,True,2021,MMC,6751
9,19.1B,18.92B,19.23B,18.08B,5.60%,False,2021,MMC,6751
4,21.93B,21.47B,22.42B,22.15B,-1.00%,True,2021,AFL,6766
4,21.59B,20.89B,22.2B,21.93B,-1.60%,False,2021,AFL,6766
10,13.7B,11.43B,15.45B,11.03B,24.20%,True,2021,EOG,6813
11,14.1B,11.5B,16.5B,13.7B,2.90%,False,2021,EOG,6813
18,25.61B,21.09B,29.89B,17.34B,47.70%,True,2021,AAL,6833
18,36.88B,32.34B,41.45B,25.61B,44.00%,False,2021,AAL,6833
19,7.16B,7.12B,7.23B,9.91B,-27.80%,True,2021,PVH,6862
19,8.91B,8.11B,9.32B,7.16B,24.50%,False,2021,PVH,6862
27,5.44B,5.29B,5.52B,4.96B,9.70%,True,2021,TPR,6864
27,5.78B,5.57B,6.08B,5.44B,6.20%,False,2021,TPR,6864
6,12.76B,12.62B,13.07B,12.47B,2.40%,True,2021,AMCR,6912
6,12.95B,12.69B,13.32B,12.76B,1.50%,False,2021,AMCR,6912
25,29.99B,28.43B,30.16B,28.91B,3.70%,True,2021,MDT,6914
25,32.56B,30.9B,33.61B,29.99B,8.60%,False,2021,MDT,6914
8,8.2B,8B,8.47B,7.61B,7.70%,True,2021,PPL,6921
6,8.46B,8.22B,8.61B,8.2B,3.30%,False,2021,PPL,6921
13,12.49B,12.35B,12.67B,11.65B,7.20%,True,2021,TXT,6935
13,13.4B,13B,14.36B,12.49B,7.30%,False,2021,TXT,6935
15,27.99B,27.46B,29.84B,24.54B,14.10%,True,2021,LLY,6946
14,28.01B,27.12B,28.75B,27.99B,0.10%,False,2021,LLY,6946
12,7.58B,7.49B,7.71B,6.72B,12.80%,True,2021,CLX,6970
13,7.51B,6.82B,7.85B,7.58B,-0.90%,False,2021,CLX,6970
27,31.05B,30.15B,32.18B,21.65B,43.40%,True,2021,QCOM,6995
27,33.44B,31.39B,36.95B,31.05B,7.70%,False,2021,QCOM,6995
17,55.36B,53.4B,56.35B,45.78B,20.90%,True,2021,ABBV,7038
16,58.98B,55.13B,61.27B,55.36B,6.50%,False,2021,ABBV,7038
12,21.66B,21.15B,22.41B,20.58B,5.20%,True,2021,IP,7049
11,21.91B,21.29B,22.69B,21.66B,1.20%,False,2021,IP,7049
13,1.77B,1.67B,1.84B,1.65B,7.10%,True,2021,O,7060
11,1.96B,1.67B,2.09B,1.77B,11.10%,False,2021,O,7060
18,91.86B,90.51B,99.06B,82.58B,11.20%,True,2021,JNJ,7064
16,95.99B,93.16B,104.24B,91.86B,4.50%,False,2021,JNJ,7064
5,3.26B,3.25B,3.28B,3.09B,5.70%,True,2021,TDY,7065
5,3.44B,3.38B,3.47B,3.26B,5.30%,False,2021,TDY,7065
14,8.43B,8.26B,8.59B,8.69B,-3.00%,True,2021,CPB,7066
15,8.37B,8.09B,8.91B,8.43B,-0.80%,False,2021,CPB,7066
30,25.72B,25.68B,25.77B,21.25B,21.00%,True,2022,CRM,7093
33,30.61B,29.68B,31.25B,25.72B,19.00%,False,2022,CRM,7093
17,11.64B,10.73B,12.37B,10.12B,15.00%,True,2021,HSIC,7143
16,11.83B,11.12B,12.86B,11.64B,1.70%,False,2021,HSIC,7143
17,6.18B,6.09B,6.26B,5.84B,5.90%,True,2021,CCI,7168
17,6.5B,6.39B,6.63B,6.18B,5.20%,False,2021,CCI,7168
8,4.46B,4.21B,4.67B,4.61B,-3.20%,True,2021,WELL,7176
8,4.73B,4.37B,5.16B,4.46B,5.90%,False,2021,WELL,7176
20,2.75B,2.68B,2.87B,2.79B,-1.40%,True,2021,ZION,7180
20,2.73B,2.59B,2.95B,2.75B,-0.70%,False,2021,ZION,7180
10,11.64B,11.1B,12.38B,10.79B,7.80%,True,2021,FE,7195
10,11.91B,11.36B,12.72B,11.64B,2.30%,False,2021,FE,7195
9,2.54B,2.53B,2.54B,2.49B,2.00%,True,2021,NLOK,7214
9,2.7B,2.66B,2.75B,2.54B,6.40%,False,2021,NLOK,7214
30,26.35B,25.98B,27B,23.89B,10.30%,True,2021,AVGO,7239
25,27.47B,26.57B,28.35B,26.35B,4.20%,False,2021,AVGO,7239
16,2.15B,1.57B,2.71B,1.62B,32.40%,True,2021,HST,7265
14,3.91B,3.28B,4.95B,2.15B,82.20%,False,2021,HST,7265
10,50.28B,44.23B,54.32B,48.2B,4.30%,True,2021,MS,7271
13,52.94B,50.93B,56.56B,50.28B,5.30%,False,2021,MS,7271
13,13.78B,13.22B,14.32B,13.58B,1.50%,True,2021,EIX,7273
10,14.26B,13.58B,15.25B,13.78B,3.50%,False,2021,EIX,7273
22,11.48B,11.15B,11.98B,10.58B,8.40%,True,2021,CSX,7311
22,12.02B,11.38B,12.74B,11.48B,4.70%,False,2021,CSX,7311
19,2.97B,2.94B,3.04B,2.63B,12.80%,True,2021,KSU,7322
18,3.19B,3.09B,3.27B,2.97B,7.20%,False,2021,KSU,7322
24,21B,20.1B,21.7B,19.53B,7.50%,True,2021,UNP,7335
24,22.11B,21.1B,23.19B,21B,5.30%,False,2021,UNP,7335
26,40.09B,39.44B,40.63B,39.07B,2.60%,True,2021,ORCL,7409
26,41.11B,39.85B,42.45B,40.09B,2.50%,False,2021,ORCL,7409
27,135.31B,129.97B,138.85B,132.11B,2.40%,True,2022,HD,7454
27,139.94B,130.5B,146.71B,135.31B,3.40%,False,2022,HD,7454
20,40.78B,38.21B,45.4B,44.56B,-8.50%,True,2021,GS,7458
20,41.22B,38.96B,44.11B,40.78B,1.10%,False,2021,GS,7458
7,2.54B,2.52B,2.6B,2.15B,18.40%,True,2021,WST,7486
6,2.75B,2.63B,2.84B,2.54B,8.20%,False,2021,WST,7486
34,226.17B,213.04B,240.83B,182.53B,23.90%,True,2021,GOOGL,7514
34,263.9B,244.32B,284.78B,226.17B,16.70%,False,2021,GOOGL,7514
7,3.52B,3.43B,3.59B,3.79B,-7.30%,True,2021,LW,7517
7,3.86B,3.69B,3.99B,3.52B,9.80%,False,2021,LW,7517
24,4.91B,4.67B,5.04B,3.36B,46.40%,True,2021,SWKS,7521
25,5.12B,4.82B,5.36B,4.91B,4.10%,False,2021,SWKS,7521
14,2.98B,2.94B,3.02B,2.78B,7.10%,True,2021,VRSK,7524
14,3.18B,3.1B,3.23B,2.98B,6.50%,False,2021,VRSK,7524
47,107.38B,102.36B,113.1B,85.97B,24.90%,True,2021,FB,7538
43,128.35B,119.61B,137.9B,107.38B,19.50%,False,2021,FB,7538
16,4.58B,3.97B,5.42B,2.1B,118.50%,True,2021,WYNN,7638
14,6.31B,5.54B,6.79B,4.58B,37.80%,False,2021,WYNN,7638
13,2.25B,2.14B,2.41B,2.3B,-1.90%,True,2021,AVB,7680
11,2.3B,1.82B,2.47B,2.25B,2.00%,False,2021,AVB,7680
13,8.18B,7.4B,12.44B,7.42B,10.20%,True,2021,CNP,7688
10,8.07B,7.56B,8.46B,8.18B,-1.30%,False,2021,CNP,7688
12,7.3B,6.87B,7.48B,6.21B,17.50%,True,2021,TROW,7696
12,7.66B,7.2B,8B,7.3B,5.00%,False,2021,TROW,7696
8,20.52B,20.16B,20.84B,19.46B,5.50%,True,2021,WHR,7816
8,20.87B,20.36B,21.23B,20.52B,1.70%,False,2021,WHR,7816
16,10.17B,9.8B,10.43B,9.68B,5.00%,True,2021,TAP,7827
15,10.36B,9.84B,10.78B,10.17B,1.90%,False,2021,TAP,7827
18,12.8B,12.64B,12.89B,11.36B,12.70%,True,2021,IQV,7842
18,13.84B,13.65B,14.39B,12.8B,8.20%,False,2021,IQV,7842
27,24.79B,23.8B,25.72B,24.69B,0.40%,True,2021,GILD,7919
25,23.95B,19.99B,25.82B,24.79B,-3.40%,False,2021,GILD,7919
10,870.98M,793M,952.35M,835.49M,4.20%,True,2021,FRT,7926
8,930.33M,842.18M,1.03B,870.98M,6.80%,False,2021,FRT,7926
17,2.54B,2.47B,2.57B,2.19B,15.90%,True,2021,MXIM,7952
17,2.69B,2.59B,2.77B,2.54B,6.10%,False,2021,MXIM,7952
18,6.34B,5.91B,6.77B,5.66B,12.10%,True,2021,CE,7986
17,6.63B,6.14B,7.09B,6.34B,4.60%,False,2021,CE,7986
24,78.63B,76.55B,81.53B,68.4B,15.00%,True,2021,TMUS,7996
23,81.08B,78.05B,83.98B,78.63B,3.10%,False,2021,TMUS,7996
19,10.19B,9.35B,12.91B,8.68B,17.40%,True,2021,MOS,8023
18,10.18B,9.27B,13.7B,10.19B,-0.10%,False,2021,MOS,8023
14,232.38B,188.79B,311.08B,181.5B,28.00%,True,2021,XOM,8066
10,252.71B,194.59B,322.11B,232.38B,8.80%,False,2021,XOM,8066
19,5.61B,5.36B,6.07B,6.09B,-7.90%,True,2021,NOV,8098
18,6.29B,5.82B,6.91B,5.61B,12.30%,False,2021,NOV,8098
12,5.18B,5.1B,5.25B,4.9B,5.60%,True,2021,SEE,8124
12,5.32B,5.16B,5.46B,5.18B,2.70%,False,2021,SEE,8124
20,116.56B,112.63B,123.17B,122.93B,-5.20%,True,2021,JPM,8135
20,119.59B,115.47B,125.55B,116.56B,2.60%,False,2021,JPM,8135
6,5.04B,4.92B,5.21B,4.91B,2.60%,True,2021,EVRG,8138
4,5.08B,5.02B,5.14B,5.04B,0.70%,False,2021,EVRG,8138
30,22.13B,20.59B,23.22B,19.21B,15.20%,True,2021,MCD,8147
29,23.3B,21.51B,24.89B,22.13B,5.30%,False,2021,MCD,8147
24,6.94B,6.76B,7.49B,6.21B,11.90%,True,2021,VRTX,8155
24,7.75B,7.17B,8.66B,6.94B,11.60%,False,2021,VRTX,8155
27,3.43B,3.38B,3.5B,2.99B,14.70%,True,2021,TTWO,8192
30,3.55B,3.01B,4.24B,3.43B,3.60%,False,2021,TTWO,8192
15,4.02B,3.78B,4.37B,4B,0.60%,True,2021,SIVB,8206
15,4.34B,4.01B,4.73B,4.02B,8.00%,False,2021,SIVB,8206
10,7.79B,7.28B,8.28B,7.24B,7.50%,True,2021,WEC,8211
8,8B,7.51B,8.58B,7.79B,2.80%,False,2021,WEC,8211
12,5.95B,5.72B,6.32B,4.84B,23.10%,True,2021,HBAN,8233
12,6.93B,6.69B,7.3B,5.95B,16.40%,False,2021,HBAN,8233
13,10.45B,10.1B,10.79B,9.55B,9.40%,True,2021,MHK,8270
13,10.78B,10.5B,11.17B,10.45B,3.20%,False,2021,MHK,8270
17,4.31B,4.27B,4.34B,6.16B,-30.00%,True,2021,RL,8292
17,5.6B,5.1B,5.82B,4.31B,29.90%,False,2021,RL,8292
5,41.17B,36.58B,46.82B,44.79B,-8.10%,True,2021,ALL,8350
6,42.16B,37.63B,48.31B,41.17B,2.40%,False,2021,ALL,8350
14,2.2B,2.18B,2.22B,2.08B,5.50%,True,2021,SBAC,8358
15,2.31B,2.26B,2.35B,2.2B,4.90%,False,2021,SBAC,8358
25,50.92B,50.16B,51.76B,48.1B,5.90%,True,2021,CHTR,8369
24,53.67B,52.12B,55.38B,50.92B,5.40%,False,2021,CHTR,8369
19,9.61B,9.41B,9.94B,8.86B,8.50%,True,2021,APD,8378
19,10.37B,9.93B,11.3B,9.61B,8.00%,False,2021,APD,8378
10,6.06B,6.04B,6.07B,5.6B,8.10%,True,2021,MKC,8392
10,6.2B,6.09B,6.3B,6.06B,2.50%,False,2021,MKC,8392
7,3.16B,1.46B,4.32B,2.21B,42.90%,True,2021,RCL,8402
7,10.34B,8.48B,11.85B,3.16B,227.70%,False,2021,RCL,8402
27,47.81B,46.54B,48.37B,44.33B,7.90%,True,2021,ACN,8431
27,51.33B,49.83B,52.67B,47.81B,7.40%,False,2021,ACN,8431
8,4.4B,4.37B,4.5B,4.1B,7.30%,True,2021,IT,8432
8,5B,4.91B,5.17B,4.4B,13.60%,False,2021,IT,8432
20,2.32B,2.27B,2.43B,1.93B,20.60%,True,2021,DXCM,8492
20,2.79B,2.54B,3.12B,2.32B,20.00%,False,2021,DXCM,8492
26,79.59B,77.9B,80.8B,69.22B,15.00%,True,2021,FDX,8500
26,83.33B,80.16B,86.46B,79.59B,4.70%,False,2021,FDX,8500
16,13.62B,13.37B,13.88B,13.77B,-1.10%,True,2021,K,8510
15,13.83B,13.48B,14.08B,13.62B,1.50%,False,2021,K,8510
13,785.63M,748.44M,813.8M,689.12M,14.00%,True,2021,MKTX,8533
13,873.37M,815.76M,957.64M,785.63M,11.20%,False,2021,MKTX,8533
24,15.6B,14.79B,16.37B,13.07B,19.40%,True,2021,APTV,8604
23,17.38B,16.48B,18.76B,15.6B,11.40%,False,2021,APTV,8604
14,20.7B,20.66B,20.73B,22.4B,-7.60%,True,2020,LUMN,8673
14,20.07B,19.77B,20.37B,20.7B,-3.00%,False,2020,LUMN,8673
6,809.68M,795M,818.3M,983.56M,-17.70%,True,2020,SLG,8694
6,776.73M,692M,881.5M,809.68M,-4.10%,False,2020,SLG,8694
14,18.2B,17.87B,18.89B,17.58B,3.50%,True,2021,WRK,8718
13,18.51B,16.69B,19.49B,18.2B,1.70%,False,2021,WRK,8718
23,80.45B,70.36B,87.74B,58.16B,38.30%,True,2021,BA,8729
23,87.51B,79.47B,97.68B,80.45B,8.80%,False,2021,BA,8729
9,5.86B,5.76B,5.93B,5.95B,-1.60%,True,2021,MTB,8736
8,5.74B,5.49B,5.98B,5.86B,-2.00%,False,2021,MTB,8736
12,13.97B,13.73B,14.24B,13.17B,6.10%,True,2021,OMC,8755
12,14.35B,14.01B,14.68B,13.97B,2.80%,False,2021,OMC,8755
17,4.08B,3.44B,4.29B,3.34B,22.10%,True,2021,XRAY,8788
15,4.33B,3.94B,4.64B,4.08B,6.10%,False,2021,XRAY,8788
9,837.3M,833.5M,840.3M,840.88M,-0.40%,True,2021,ABMD,8790
9,998.13M,954.58M,1.03B,837.3M,19.20%,False,2021,ABMD,8790
18,2.03B,1.83B,2.32B,1.47B,38.20%,True,2021,COG,8798
16,2.06B,1.82B,2.39B,2.03B,1.40%,False,2021,COG,8798
16,35.48B,35.22B,36.15B,36.8B,-3.60%,True,2021,NOC,8803
16,37.11B,36.25B,37.96B,35.48B,4.60%,False,2021,NOC,8803
12,4.58B,4.55B,4.62B,4.29B,6.80%,True,2021,INFO,8847
12,4.87B,4.81B,4.95B,4.58B,6.30%,False,2021,INFO,8847
13,1.32B,1.27B,1.38B,1.25B,5.60%,True,2021,CBOE,8855
13,1.35B,1.28B,1.42B,1.32B,2.30%,False,2021,CBOE,8855
3,15.76B,15.48B,16.11B,14.17B,11.20%,True,2021,D,8873
3,16.56B,16.29B,16.82B,15.76B,5.10%,False,2021,D,8873
12,22.66B,22.06B,23.06B,23.23B,-2.50%,True,2021,USB,8959
12,23.22B,22.16B,24.05B,22.66B,2.50%,False,2021,USB,8959
7,3.55B,3.31B,3.66B,3.17B,12.00%,True,2021,VAR,9006
5,3.91B,3.55B,4.1B,3.55B,10.20%,False,2021,VAR,9006
21,11.93B,9.87B,15.48B,8.5B,40.40%,True,2021,REGN,9007
21,11.28B,9.72B,14.18B,11.93B,-5.50%,False,2021,REGN,9007
20,28.68B,26.92B,29.78B,28.52B,0.60%,True,2021,COF,9037
19,29.98B,27.55B,31.44B,28.68B,4.50%,False,2021,COF,9037
18,12.36B,12.14B,12.57B,11.8B,4.80%,True,2021,GWW,9040
18,13.12B,12.81B,13.39B,12.36B,6.20%,False,2021,GWW,9040
19,28.21B,27.7B,28.51B,26.58B,6.10%,True,2021,MDLZ,9041
18,29.15B,28.54B,29.61B,28.21B,3.40%,False,2021,MDLZ,9041
31,6.08B,5.8B,6.15B,5.21B,16.60%,True,2021,EA,9058
32,6.48B,6.25B,7.22B,6.08B,6.70%,False,2021,EA,9058
16,26.13B,25.52B,26.51B,22.28B,17.20%,True,2021,DHR,9059
14,27.41B,26.59B,28.23B,26.13B,4.90%,False,2021,DHR,9059
17,3.41B,3.38B,3.45B,3.2B,6.60%,True,2021,AKAM,9081
17,3.64B,3.55B,3.74B,3.41B,6.80%,False,2021,AKAM,9081
10,2.91B,2.42B,3.12B,2.92B,-0.00%,True,2021,PSA,9082
6,3.11B,2.99B,3.29B,2.91B,6.70%,False,2021,PSA,9082
17,36.66B,36.03B,37.14B,33B,11.10%,True,2021,KO,9092
17,38.55B,34.17B,39.67B,36.66B,5.20%,False,2021,KO,9092
12,13.59B,12.47B,14.62B,11.5B,18.20%,True,2021,NEM,9102
11,12.93B,11.41B,13.96B,13.59B,-4.90%,False,2021,NEM,9102
9,4.94B,4.8B,5.11B,4.5B,9.80%,True,2021,IVZ,9114
11,5.4B,4.74B,7.22B,4.94B,9.30%,False,2021,IVZ,9114
8,4.53B,4.02B,5.19B,4.3B,5.30%,True,2021,SPG,9142
8,4.61B,4.09B,5.33B,4.53B,1.90%,False,2021,SPG,9142
13,6.06B,5.84B,6.22B,5.47B,10.90%,True,2021,HAS,9163
13,6.45B,6.13B,6.77B,6.06B,6.40%,False,2021,HAS,9163
20,6.19B,6.05B,6.32B,6.25B,-1.00%,True,2021,RF,9165
20,6.22B,6B,6.46B,6.19B,0.50%,False,2021,RF,9165
9,12.31B,11.66B,13.13B,11.53B,6.80%,True,2021,XEL,9297
6,12.65B,12.02B,13.38B,12.31B,2.80%,False,2021,XEL,9297
14,2.76B,2.59B,2.83B,2.43B,13.50%,True,2021,COO,9319
13,2.94B,2.78B,3.03B,2.76B,6.40%,False,2021,COO,9319
12,10.8B,9.78B,12.12B,10.11B,6.80%,True,2021,ETR,9321
11,10.97B,10.05B,12.42B,10.8B,1.60%,False,2021,ETR,9321
11,2.81B,2.8B,2.84B,2.54B,10.90%,True,2021,TFX,9391
11,3.05B,2.98B,3.12B,2.81B,8.20%,False,2021,TFX,9391
15,80.9B,78.38B,83.36B,79.62B,1.60%,True,2021,GE,9403
14,85.59B,81.43B,89.93B,80.9B,5.80%,False,2021,GE,9403
13,17.63B,17.61B,17.69B,19.58B,-9.90%,True,2021,DXC,9425
13,16.93B,16.46B,17.21B,17.63B,-4.00%,False,2021,DXC,9425
19,13.5B,13.35B,13.62B,12.45B,8.40%,True,2021,TT,9426
18,14.12B,13.71B,14.43B,13.5B,4.60%,False,2021,TT,9426
21,14.04B,13.9B,14.11B,16.38B,-14.30%,True,2021,GPS,9427
21,16.02B,15.16B,16.64B,14.04B,14.10%,False,2021,GPS,9427
15,9.59B,9.18B,10.13B,9.44B,1.60%,True,2021,DGX,9452
14,8.21B,7.42B,8.75B,9.59B,-14.30%,False,2021,DGX,9452
25,17.1B,16.82B,17.36B,14.35B,19.20%,True,2021,SYK,9454
25,18.34B,17.86B,19.48B,17.1B,7.20%,False,2021,SYK,9454
18,5B,4.91B,5.1B,4.86B,3.00%,True,2021,VMC,9476
18,5.33B,5.14B,5.53B,5B,6.60%,False,2021,VMC,9476
18,33.96B,30.51B,36.51B,27.75B,22.40%,True,2021,LYB,9481
18,35.73B,32.21B,48.87B,33.96B,5.20%,False,2021,LYB,9481
16,7.62B,7.44B,7.73B,7.62B,-0.10%,True,2021,FITB,9492
17,7.69B,7.47B,7.85B,7.62B,0.90%,False,2021,FITB,9492
10,8.17B,7.49B,9.13B,7.72B,5.80%,True,2021,WMB,9505
9,8.13B,6.39B,9.27B,8.17B,-0.50%,False,2021,WMB,9505
13,143.55B,132.45B,157.4B,115.89B,23.90%,True,2021,F,9507
14,153.12B,139.26B,164.65B,143.55B,6.70%,False,2021,F,9507
28,27.5B,26.37B,29.07B,25.29B,8.80%,True,2021,VIAC,9557
26,28.14B,26.51B,30.5B,27.5B,2.30%,False,2021,VIAC,9557
13,37.82B,35.84B,39.63B,31.27B,20.90%,True,2021,DE,9576
13,41.54B,39B,43.76B,37.82B,9.80%,False,2021,DE,9576
6,57.69B,54.33B,60.4B,54.15B,6.50%,True,2021,PRU,9582
6,59.11B,55.24B,61.67B,57.69B,2.50%,False,2021,PRU,9582
16,18.83B,18.38B,19.13B,18.19B,3.50%,True,2021,LHX,9622
15,19.82B,19.23B,20.39B,18.83B,5.30%,False,2021,LHX,9622
23,6.5B,6.39B,6.63B,5.6B,16.00%,True,2021,ADI,9637
23,6.94B,6.73B,7.23B,6.5B,6.80%,False,2021,ADI,9637
13,5.12B,3.9B,6.38B,4.8B,6.50%,True,2021,HES,9640
12,6B,4.71B,6.96B,5.12B,17.20%,False,2021,HES,9640
16,61.97B,56.3B,72.41B,41.91B,47.90%,True,2021,PFE,9688
15,53.55B,45.7B,63.5B,61.97B,-13.60%,False,2021,PFE,9688
6,10.43B,9.79B,11.14B,9.66B,7.90%,True,2021,AES,9693
4,10.38B,10.18B,10.79B,10.43B,-0.40%,False,2021,AES,9693
9,5.26B,5.08B,5.52B,5.26B,0.00%,True,2021,HWM,9700
8,5.98B,5.68B,6.34B,5.26B,13.70%,False,2021,HWM,9700
15,11.53B,11.4B,11.75B,11.7B,-1.50%,True,2021,STT,9718
15,11.82B,11.47B,12.31B,11.53B,2.50%,False,2021,STT,9718
6,3.1B,3.07B,3.12B,3.03B,2.40%,True,2021,STE,9740
6,3.6B,3.42B,4.29B,3.1B,16.00%,False,2021,STE,9740
18,22.92B,19.03B,27.24B,15.36B,49.30%,True,2021,UAL,9772
18,34.62B,27.44B,39.71B,22.92B,51.00%,False,2021,UAL,9772
10,19.5B,19.19B,19.74B,18.47B,5.60%,True,2021,CDW,9829
9,20.53B,19.71B,21.02B,19.5B,5.30%,False,2021,CDW,9829
30,25.34B,24.3B,27.09B,21.43B,18.20%,True,2021,MU,9839
29,31.96B,26.75B,38.03B,25.34B,26.20%,False,2021,MU,9839
27,25.55B,25.3B,26.15B,23.61B,8.20%,True,2021,DLTR,9850
27,26.25B,25.71B,26.99B,25.55B,2.70%,False,2021,DLTR,9850
36,72.48B,62.72B,76.51B,77.87B,-6.90%,True,2021,INTC,9853
34,72.32B,53.45B,80.51B,72.48B,-0.20%,False,2021,INTC,9853
