date,open,high,low,close,adjclose,volume,ticker,stockId
2021-02-26,56.310001373291016,56.9900016784668,55.560001373291016,55.93000030517578,55.93000030517578,1331900,PNR,11
2021-02-26,107.5999984741211,109.54000091552734,106.91999816894531,108.77999877929688,108.77999877929688,1288600,ALLE,37
2021-02-26,202.9499969482422,204.49000549316406,200.1999969482422,202.17999267578125,202.17999267578125,1472900,ITW,45
2021-02-26,116.52999877929688,120.25,113.44000244140625,118.19000244140625,118.19000244140625,11624400,AMAT,48
2021-02-26,23.549999237060547,23.729999542236328,23.149999618530273,23.170000076293945,23.170000076293945,4531100,NWL,52
2021-02-26,137.83999633789062,138.25999450683594,134.58999633789062,134.72999572753906,134.72999572753906,848000,MAA,54
2021-02-26,66.7300033569336,66.91000366210938,65.37000274658203,65.41000366210938,65.41000366210938,3725400,EQR,80
2021-02-26,289.8900146484375,290.739990234375,284.1400146484375,285.8599853515625,285.8599853515625,1334600,EL,97
2021-02-26,130.47999572753906,132.0399932861328,128.5800018310547,130.19000244140625,130.19000244140625,2539100,ETN,119
2021-02-26,35.72999954223633,36.029998779296875,34.68000030517578,34.709999084472656,34.709999084472656,70916600,BAC,134
2021-02-26,128.1699981689453,131.5,126.58999633789062,130.3000030517578,130.3000030517578,2488900,XLNX,137
2021-02-26,78.80999755859375,78.94000244140625,76.80000305175781,77.69000244140625,77.69000244140625,4875000,BAX,144
2021-02-26,200.5,201.4600067138672,196.0,197.99000549316406,197.99000549316406,1619500,GPN,149
2021-02-26,55.56999969482422,57.650001525878906,55.56999969482422,56.58000183105469,56.58000183105469,2290000,PFG,150
2021-02-26,150.27999877929688,152.22999572753906,145.8000030517578,148.07000732421875,148.07000732421875,4106700,MAR,151
2021-02-26,57.41999816894531,58.689998626708984,57.0,58.130001068115234,58.130001068115234,9755000,LUV,185
2021-02-26,222.3300018310547,228.8000030517578,220.63999938964844,227.35000610351562,227.35000610351562,310100,IPGP,187
2021-02-26,181.0,181.41000366210938,175.47999572753906,175.47999572753906,175.47999572753906,958200,MSI,200
2021-02-26,40.560001373291016,40.77000045776367,38.20000076293945,40.36000061035156,40.36000061035156,10761300,PRGO,219
2021-02-26,87.62000274658203,89.62999725341797,86.22000122070312,87.73999786376953,87.73999786376953,4709200,MNST,257
2021-02-26,498.6300048828125,503.9700012207031,489.7900085449219,499.42999267578125,499.42999267578125,551600,ZBRA,276
2021-02-26,152.97999572753906,158.91000366210938,151.82000732421875,157.2100067138672,157.2100067138672,1718100,ALB,321
2021-02-26,212.05999755859375,213.16000366210938,209.13999938964844,209.36000061035156,209.36000061035156,1117600,ECL,323
2021-02-26,210.00999450683594,212.49000549316406,208.1199951171875,209.89999389648438,209.89999389648438,2724500,CI,344
2021-02-26,62.90999984741211,63.279998779296875,61.25,61.720001220703125,61.720001220703125,9543600,SCHW,350
2021-02-26,66.52999877929688,66.62000274658203,65.5999984741211,65.81999969482422,65.81999969482422,2250200,FTV,361
2021-02-26,58.95000076293945,59.61899948120117,58.08000183105469,58.540000915527344,58.540000915527344,3720536,CNC,375
2021-02-26,80.58000183105469,80.7300033569336,78.70999908447266,79.12999725341797,79.12999725341797,2092000,VFC,470
2021-02-26,57.119998931884766,57.540000915527344,56.470001220703125,56.58000183105469,56.58000183105469,2890600,ADM,488
2021-02-26,126.54000091552734,126.93000030517578,121.81999969482422,123.52999877929688,123.52999877929688,17716700,PG,541
2021-02-26,522.9000244140625,526.3699951171875,507.3399963378906,520.1699829101562,520.1699829101562,593900,IDXX,543
2021-02-26,146.1300048828125,147.36000061035156,141.77999877929688,141.8800048828125,141.8800048828125,1986300,AWK,562
2021-02-26,173.27999877929688,173.85000610351562,169.1300048828125,172.27000427246094,172.27000427246094,6060600,TXN,579
2021-02-26,58.11000061035156,58.66999816894531,56.97999954223633,57.599998474121094,57.599998474121094,7396600,MET,619
2021-02-26,117.9000015258789,118.05999755859375,115.0199966430664,115.08000183105469,115.08000183105469,701800,J,623
2021-02-26,181.13999938964844,182.02000427246094,175.77999877929688,175.91000366210938,175.91000366210938,579400,HII,680
2021-02-26,121.75,122.04000091552734,119.75,119.80000305175781,119.80000305175781,904000,AJG,690
2021-02-26,132.86000061035156,133.72000122070312,131.5,132.02000427246094,132.02000427246094,803600,PKG,691
2021-02-26,126.23999786376953,126.80999755859375,124.52999877929688,125.68000030517578,125.68000030517578,1881000,APH,704
2021-02-26,462.9200134277344,469.6000061035156,458.3599853515625,463.4200134277344,463.4200134277344,360600,TYL,732
2021-02-26,246.11000061035156,247.5,241.00999450683594,241.14999389648438,241.14999389648438,1539900,BDX,770
2021-02-26,37.54999923706055,37.880001068115234,36.45000076293945,37.0,37.0,1353100,FLS,794
2021-02-26,76.66000366210938,76.66000366210938,75.1500015258789,75.19999694824219,75.19999694824219,5421200,CL,795
2021-02-26,23.530000686645508,23.65999984741211,23.170000076293945,23.219999313354492,23.219999313354492,4363000,WU,805
2021-02-26,137.61000061035156,139.10000610351562,132.1699981689453,133.5800018310547,133.5800018310547,3070200,CTXS,812
2021-02-26,176.39999389648438,177.5399932861328,173.72000122070312,174.02000427246094,174.02000427246094,2644900,ADP,875
2021-02-26,171.38999938964844,172.3800048828125,164.55999755859375,164.75,164.75,1658400,FRC,967
2021-02-26,643.8300170898438,660.25,640.0,648.3400268554688,648.3400268554688,978652,EQIX,981
2021-02-26,29.229999542236328,29.940000534057617,28.31999969482422,29.559999465942383,29.559999465942383,19736800,NCLH,986
2021-02-26,129.19000244140625,130.60000610351562,125.55999755859375,125.69999694824219,125.69999694824219,1144400,EXR,1005
2021-02-26,43.83000183105469,44.47999954223633,42.85499954223633,43.439998626708984,43.439998626708984,6546800,CFG,1010
2021-02-26,53.20000076293945,54.060001373291016,52.95000076293945,53.220001220703125,53.220001220703125,2145600,MAS,1018
2021-02-26,122.19000244140625,122.36000061035156,119.66000366210938,119.77999877929688,119.77999877929688,5197500,ABT,1092
2021-02-26,44.4900016784668,45.72999954223633,43.83000183105469,45.11000061035156,45.11000061035156,3121200,PHM,1120
2021-02-26,117.11000061035156,117.68000030517578,114.27999877929688,115.37000274658203,115.37000274658203,4169700,FISV,1125
2021-02-26,186.14999389648438,186.8300018310547,182.17999267578125,183.44000244140625,183.44000244140625,4335100,TGT,1145
2021-02-26,99.94999694824219,100.95999908447266,99.52999877929688,99.55999755859375,99.55999755859375,1392400,XYL,1157
2021-02-26,79.16999816894531,79.63999938964844,77.7699966430664,78.66000366210938,78.66000366210938,1691500,INCY,1185
2021-02-26,2343.89990234375,2345.0,2251.7099609375,2328.510009765625,2328.510009765625,503900,BKNG,1196
2021-02-26,190.07000732421875,191.61000061035156,185.4499969482422,189.0399932861328,189.0399932861328,15841000,DIS,1226
2021-02-26,278.4599914550781,279.9599914550781,273.2099914550781,274.8900146484375,274.8900146484375,1017300,MCO,1231
2021-02-26,14.5,14.765000343322754,14.3100004196167,14.5600004196167,14.5600004196167,16807900,HPE,1244
2021-02-26,372.7300109863281,378.95001220703125,367.4599914550781,374.239990234375,374.239990234375,450200,PAYC,1274
2021-02-26,23.239999771118164,23.760000228881836,23.100000381469727,23.450000762939453,23.450000762939453,4359100,NWSA,1275
2021-02-26,80.04000091552734,81.52999877929688,79.0199966430664,79.62999725341797,79.62999725341797,3146000,SYY,1282
2021-02-26,332.0400085449219,333.2699890136719,326.3900146484375,329.3599853515625,329.3599853515625,1691000,SPGI,1312
2021-02-26,172.1300048828125,172.6199951171875,168.27999877929688,168.36000061035156,168.36000061035156,2749400,PNC,1323
2021-02-26,101.91000366210938,103.76000213623047,101.75,102.12999725341797,102.12999725341797,849400,DVA,1333
2021-02-26,22.760000228881836,22.899999618530273,22.049999237060547,22.40999984741211,22.40999984741211,3793500,NLSN,1350
2021-02-26,231.52999877929688,235.3699951171875,229.5399932861328,232.3800048828125,232.3800048828125,37811200,MSFT,1358
2021-02-26,21.81999969482422,22.1299991607666,20.8700008392334,21.829999923706055,21.829999923706055,12612100,HAL,1368
2021-02-26,161.83999633789062,162.3699951171875,158.1300048828125,158.9600067138672,158.9600067138672,1578300,TSCO,1369
2021-02-26,31.600000381469727,32.45000076293945,31.440000534057617,31.93000030517578,31.93000030517578,1290000,FOX,1370
2021-02-26,74.44000244140625,74.70999908447266,72.54000091552734,72.62000274658203,72.62000274658203,16833900,MRK,1381
2021-02-26,43.41999816894531,45.560001373291016,43.150001525878906,45.0,45.0,7432500,DISCK,1401
2021-02-26,88.81999969482422,91.02999877929688,85.25,88.86000061035156,88.86000061035156,2506400,LYV,1411
2021-02-26,34.41999816894531,35.099998474121094,34.0,34.790000915527344,34.790000915527344,3232500,IRM,1421
2021-02-26,119.61000061035156,120.63999938964844,116.62999725341797,116.73999786376953,116.73999786376953,924600,RJF,1467
2021-02-26,22.260000228881836,22.260000228881836,21.540000915527344,21.600000381469727,21.600000381469727,5016300,NI,1509
2021-02-26,140.67999267578125,142.99000549316406,139.36500549316406,141.52000427246094,141.52000427246094,1721800,KEYS,1512
2021-02-26,73.80999755859375,74.7300033569336,72.95999908447266,74.13999938964844,74.13999938964844,1543700,TRMB,1543
2021-02-26,2050.52001953125,2071.010009765625,2016.06005859375,2036.8599853515625,2036.8599853515625,2083500,GOOG,1547
2021-02-26,338.0,338.760009765625,330.0,330.25,330.25,2022600,LMT,1557
2021-02-26,25.34000015258789,25.93000030517578,25.209999084472656,25.479999542236328,25.479999542236328,3759500,XRX,1568
2021-02-26,164.8300018310547,167.63999938964844,161.8699951171875,161.8800048828125,161.8800048828125,1757700,EFX,1597
2021-02-26,47.70000076293945,49.13999938964844,47.279998779296875,47.939998626708984,47.939998626708984,14824400,DAL,1633
2021-02-26,143.97999572753906,144.6999969482422,142.22999572753906,142.49000549316406,142.49000549316406,706100,BR,1636
2021-02-26,224.66000366210938,225.4600067138672,216.02000427246094,216.1300048828125,216.1300048828125,3210600,AMT,1641
2021-02-26,283.45001220703125,291.9800109863281,274.82000732421875,276.0,276.0,2529200,ADSK,1642
2021-02-26,54.849998474121094,55.20000076293945,53.79999923706055,54.779998779296875,54.779998779296875,1696700,REG,1651
2021-02-26,147.6699981689453,150.25999450683594,141.27999877929688,148.57000732421875,148.57000732421875,3139400,PXD,1670
2021-02-26,45.150001525878906,45.52000045776367,43.880001068115234,45.0,45.0,3216700,BWA,1690
2021-02-26,46.369998931884766,46.933998107910156,45.71699905395508,46.34000015258789,46.34000015258789,2381200,IR,1703
2021-02-26,87.33999633789062,88.63999938964844,85.55999755859375,85.58999633789062,85.58999633789062,3876200,DUK,1716
2021-02-26,52.27000045776367,53.459999084472656,51.88999938964844,52.720001220703125,52.720001220703125,22780500,CMCSA,1743
2021-02-26,98.69999694824219,99.91000366210938,97.18000030517578,97.87000274658203,97.87000274658203,1100300,CINF,1761
2021-02-26,68.73999786376953,70.18000030517578,65.2699966430664,69.27999877929688,69.27999877929688,2528200,FANG,1764
2021-02-26,29.420000076293945,30.25,28.829999923706055,28.969999313354492,28.969999313354492,26077100,HPQ,1784
2021-02-26,34.52000045776367,35.400001525878906,33.150001525878906,33.90999984741211,33.90999984741211,37777000,FCX,1790
2021-02-26,68.19999694824219,70.31999969482422,67.44000244140625,68.52999877929688,68.52999877929688,4821000,WDC,1795
2021-02-26,260.8399963378906,260.95001220703125,254.6300048828125,254.7899932861328,254.7899932861328,533400,ESS,1815
2021-02-26,17.860000610351562,18.239999771118164,17.56999969482422,17.940000534057617,17.940000534057617,10706500,PBCT,1867
2021-02-26,743.9000244140625,747.7042236328125,726.3099975585938,736.7999877929688,736.7999877929688,669139,ISRG,1870
2021-02-26,31.59000015258789,32.7599983215332,31.110000610351562,31.510000228881836,31.510000228881836,3881200,DISH,1909
2021-02-26,335.510009765625,335.8900146484375,330.94000244140625,331.0,331.0,3359900,COST,1962
2021-02-26,174.6699981689453,176.4600067138672,171.9199981689453,172.02999877929688,172.02999877929688,1750600,HCA,2015
2021-02-26,130.57000732421875,130.8699951171875,128.57000732421875,129.19000244140625,129.19000244140625,8328600,PEP,2027
2021-02-26,136.33999633789062,137.0500030517578,133.8000030517578,135.50999450683594,135.50999450683594,2042500,IFF,2036
2021-02-26,26.260000228881836,27.010000228881836,25.209999084472656,26.610000610351562,26.610000610351562,21615400,OXY,2062
2021-02-26,237.3800048828125,241.67999267578125,234.25999450683594,239.91000366210938,239.91000366210938,1121600,LH,2070
2021-02-26,39.04999923706055,39.47999954223633,38.56999969482422,38.599998474121094,38.599998474121094,8766500,EXC,2078
2021-02-26,311.32000732421875,314.7300109863281,303.1700134277344,311.2300109863281,311.2300109863281,1316000,KLAC,2081
2021-02-26,43.040000915527344,43.20000076293945,41.97999954223633,42.15999984741211,42.15999984741211,6966900,BK,2095
2021-02-26,61.029998779296875,61.54999923706055,59.52000045776367,59.81999969482422,59.81999969482422,2875300,NUE,2121
2021-02-26,327.7699890136719,338.7200012207031,325.739990234375,334.7699890136719,334.7699890136719,677100,POOL,2126
2021-02-26,191.8800048828125,195.07000732421875,190.83999633789062,194.02999877929688,194.02999877929688,911600,VRSN,2128
2021-02-26,50.869998931884766,51.72999954223633,49.91999816894531,51.33000183105469,51.33000183105469,17119300,GM,2140
2021-02-26,255.74000549316406,256.6400146484375,251.80999755859375,253.1999969482422,253.1999969482422,852300,CMI,2206
2021-02-26,238.86000061035156,243.86000061035156,236.5800018310547,241.80999755859375,241.80999755859375,391200,RE,2231
2021-02-26,60.56999969482422,60.88999938964844,59.27000045776367,59.369998931884766,59.369998931884766,1419700,AOS,2265
2021-02-26,444.8500061035156,445.8500061035156,432.1700134277344,439.4100036621094,439.4100036621094,1367542,ILMN,2273
2021-02-26,34.61000061035156,34.689998626708984,33.90999984741211,33.93000030517578,33.93000030517578,4591100,CAG,2276
2021-02-26,37.66999816894531,38.470001220703125,36.77000045776367,37.790000915527344,37.790000915527344,14254800,MGM,2290
2021-02-26,88.37999725341797,88.62999725341797,84.58999633789062,84.61000061035156,84.61000061035156,1414100,ATO,2299
2021-02-26,120.91999816894531,120.91999816894531,117.80000305175781,117.97000122070312,117.97000122070312,1426100,AME,2302
2021-02-26,72.48999786376953,72.95999908447266,71.4000015258789,72.08999633789062,72.08999633789062,2610800,HOLX,2317
2021-02-26,73.8499984741211,74.33999633789062,72.58000183105469,73.4800033569336,73.4800033569336,3279300,CTSH,2349
2021-02-26,74.12999725341797,75.55999755859375,73.47000122070312,73.4800033569336,73.4800033569336,12582700,NEE,2359
2021-02-26,90.0,92.08000183105469,89.79000091552734,90.8499984741211,90.8499984741211,1404100,CHRW,2366
2021-02-26,107.47000122070312,110.12999725341797,106.83999633789062,109.16000366210938,109.16000366210938,1636900,CPRT,2391
2021-02-26,26.6299991607666,26.829999923706055,25.899999618530273,26.170000076293945,26.170000076293945,4401500,BEN,2409
2021-02-26,381.79998779296875,385.5199890136719,377.6199951171875,377.6199951171875,377.6199951171875,531700,ROP,2437
2021-02-26,52.150001525878906,52.220001220703125,51.380001068115234,51.52000045776367,51.52000045776367,2850400,CAH,2448
2021-02-26,68.19000244140625,68.52999877929688,67.31999969482422,67.66999816894531,67.66999816894531,2087800,TSN,2473
2021-02-26,339.260009765625,348.6400146484375,337.1000061035156,346.510009765625,346.510009765625,1340600,DPZ,2496
2021-02-26,101.0999984741211,102.36000061035156,99.79000091552734,100.3499984741211,100.3499984741211,4569800,BBY,2507
2021-02-26,166.66000366210938,166.8300018310547,163.36000061035156,163.47000122070312,163.47000122070312,1730700,GD,2538
2021-02-26,54.290000915527344,57.189998626708984,52.09000015258789,54.65999984741211,54.65999984741211,5496900,LB,2566
2021-02-26,123.58999633789062,124.58000183105469,120.13999938964844,123.68000030517578,123.68000030517578,3615400,HLT,2632
2021-02-26,158.5800018310547,159.22999572753906,156.58999633789062,157.8300018310547,157.8300018310547,3492300,UPS,2653
2021-02-26,102.95999908447266,103.4000015258789,100.70999908447266,101.22000122070312,101.22000122070312,1333100,ABC,2669
2021-02-26,64.88999938964844,64.88999938964844,63.59000015258789,63.709999084472656,63.709999084472656,3278300,OTIS,2673
2021-02-26,40.16999816894531,40.349998474121094,39.20000076293945,39.25,39.25,3055600,DRE,2676
2021-02-26,131.0,131.3000030517578,128.1999969482422,128.3300018310547,128.3300018310547,3012100,KMB,2683
2021-02-26,135.3699951171875,136.0,133.67999267578125,134.82000732421875,134.82000732421875,1521200,PPG,2684
2021-02-26,55.16999816894531,56.119998931884766,54.08000183105469,54.11000061035156,54.11000061035156,3426300,CMS,2689
2021-02-26,109.12999725341797,110.44999694824219,107.16000366210938,109.26000213623047,109.26000213623047,973900,EMN,2698
2021-02-26,72.3499984741211,73.08999633789062,71.44999694824219,72.43000030517578,72.43000030517578,1379400,WAB,2716
2021-02-26,55.939998626708984,56.38999938964844,53.790000915527344,53.83000183105469,53.83000183105469,4100900,PEG,2718
2021-02-26,39.849998474121094,40.189998626708984,39.22999954223633,39.38999938964844,39.38999938964844,3127800,LKQ,2723
2021-02-26,336.29998779296875,339.54998779296875,329.44000244140625,336.8699951171875,336.8699951171875,471800,MLM,2726
2021-02-26,69.72000122070312,70.3499984741211,69.18000030517578,69.33000183105469,69.33000183105469,1208500,WRB,2807
2021-02-26,556.9299926757812,574.6599731445312,545.1699829101562,567.1900024414062,567.1900024414062,1782900,LRCX,2817
2021-02-26,246.5,247.63999938964844,242.24000549316406,243.27999877929688,243.27999877929688,617200,ROK,2861
2021-02-26,127.0,127.0,124.91000366210938,126.08999633789062,126.08999633789062,1224700,PKI,2880
2021-02-26,1170.0400390625,1184.0,1159.449951171875,1159.9200439453125,1159.9200439453125,353000,AZO,2892
2021-02-26,215.99000549316406,218.75,214.02000427246094,214.77000427246094,214.77000427246094,722800,ODFL,2913
2021-02-26,115.08999633789062,115.44999694824219,111.91999816894531,112.0,112.0,1709500,SJM,2919
2021-02-26,449.20001220703125,452.54998779296875,446.19000244140625,447.3299865722656,447.3299865722656,745200,ORLY,2920
2021-02-26,532.5,540.3200073242188,521.1500244140625,533.4600219726562,533.4600219726562,1799000,NOW,2965
2021-02-26,329.32000732421875,332.2699890136719,320.739990234375,322.3299865722656,322.3299865722656,736000,ULTA,3010
2021-02-26,246.97000122070312,250.1199951171875,243.08999633789062,245.2100067138672,245.2100067138672,1989600,SNPS,3036
2021-02-26,160.33999633789062,162.4199981689453,159.1300048828125,159.75,159.75,6027700,LOW,3060
2021-02-26,44.5,44.65999984741211,43.54999923706055,43.599998474121094,43.599998474121094,12514100,MO,3130
2021-02-26,83.56999969482422,85.58999633789062,82.91000366210938,84.51000213623047,84.51000213623047,48936100,AMD,3152
2021-02-26,410.8299865722656,420.5799865722656,409.44000244140625,414.5199890136719,414.5199890136719,662200,MSCI,3156
2021-02-26,55.93000030517578,56.130001068115234,54.869998931884766,55.0099983215332,55.0099983215332,5642100,GIS,3160
2021-02-26,245.14999389648438,245.14999389648438,240.25,240.50999450683594,240.50999450683594,8085300,BRK-B,3164
2021-02-26,139.05999755859375,143.32000732421875,137.74000549316406,141.08999633789062,141.08999633789062,2526000,CDNS,3208
2021-02-26,165.24000549316406,166.36000061035156,161.47000122070312,163.05999755859375,163.05999755859375,1570700,ZBH,3210
2021-02-26,68.87000274658203,69.70999908447266,67.33000183105469,68.0999984741211,68.0999984741211,1369100,CMA,3214
2021-02-26,168.0,177.42999267578125,163.50999450683594,176.05999755859375,176.05999755859375,3034600,ENPH,3221
2021-02-26,83.83000183105469,84.77999877929688,83.08000183105469,83.13999938964844,83.13999938964844,1665200,FBHS,3232
2021-02-26,36.38999938964844,37.0,36.02000045776367,36.529998779296875,36.529998779296875,5374200,CARR,3253
2021-02-26,42.369998931884766,42.52000045776367,41.150001525878906,41.16999816894531,41.16999816894531,2572600,UDR,3262
2021-02-26,197.60000610351562,197.63999938964844,194.5399932861328,195.1699981689453,195.1699981689453,343000,IEX,3276
2021-02-26,368.4100036621094,377.239990234375,364.1400146484375,374.5199890136719,374.5199890136719,448300,MPWR,3315
2021-02-26,289.1700134277344,292.1700134277344,284.1099853515625,286.9599914550781,286.9599914550781,829000,PH,3316
2021-02-26,37.54999923706055,38.560001373291016,35.959999084472656,37.880001068115234,37.880001068115234,3294200,HFC,3351
2021-02-26,46.540000915527344,46.540000915527344,44.40999984741211,45.279998779296875,45.279998779296875,2101100,CF,3354
2021-02-26,57.34000015258789,57.65999984741211,56.25,56.41999816894531,56.41999816894531,9013500,EBAY,3376
2021-02-26,127.43000030517578,130.85000610351562,126.55999755859375,130.02999877929688,130.02999877929688,2262000,TEL,3389
2021-02-26,84.3499984741211,84.3499984741211,82.70999908447266,83.0999984741211,83.0999984741211,2641900,EW,3413
2021-02-26,43.0,43.77000045776367,42.20000076293945,43.27000045776367,43.27000045776367,1183600,LEG,3428
2021-02-26,100.30000305175781,101.05999755859375,97.61000061035156,100.0,100.0,14452300,CVX,3433
2021-02-26,357.0799865722656,359.3900146484375,347.1199951171875,353.8500061035156,353.8500061035156,4867300,MA,3440
2021-02-26,146.63999938964844,148.74000549316406,145.3800048828125,146.8699951171875,146.8699951171875,736800,JBHT,3449
2021-02-26,697.7899780273438,701.02001953125,689.280029296875,694.5,694.5,768500,BLK,3475
2021-02-26,51.61000061035156,53.529998779296875,51.119998931884766,53.029998779296875,53.029998779296875,8963000,DISCA,3488
2021-02-26,165.1999969482422,165.8000030517578,162.5800018310547,162.5800018310547,162.5800018310547,1976800,CB,3490
2021-02-26,162.36000061035156,163.30999755859375,160.02999877929688,160.35000610351562,160.35000610351562,951600,AAP,3553
2021-02-26,106.19999694824219,107.06999969482422,104.87000274658203,105.3499984741211,105.3499984741211,1511200,GPC,3561
2021-02-26,96.9800033569336,97.31999969482422,94.87000274658203,95.12999725341797,95.12999725341797,1109300,NTRS,3584
2021-02-26,65.31999969482422,66.56999969482422,63.58000183105469,65.0199966430664,65.0199966430664,2202200,ALK,3596
2021-02-26,81.73999786376953,83.9800033569336,80.33000183105469,82.97000122070312,82.97000122070312,3728600,LEN,3614
2021-02-26,24.34000015258789,24.729999542236328,23.5,24.479999542236328,24.479999542236328,10833100,BKR,3642
2021-02-26,124.9800033569336,125.72000122070312,122.47000122070312,123.22000122070312,123.22000122070312,746400,AIZ,3673
2021-02-26,34.040000915527344,34.18000030517578,33.130001068115234,33.16999816894531,33.16999816894531,2042400,ROL,3681
2021-02-26,151.3800048828125,152.9199981689453,147.9499969482422,148.44000244140625,148.44000244140625,1113200,JKHY,3684
2021-02-26,157.13999938964844,157.4600067138672,154.9499969482422,155.24000549316406,155.24000549316406,2561500,ZTS,3687
2021-02-26,54.2599983215332,54.86000061035156,52.900001525878906,52.900001525878906,52.900001525878906,2326600,VTR,3705
2021-02-26,15.15999984741211,15.199999809265137,14.619999885559082,14.699999809265137,14.699999809265137,24163400,KMI,3727
2021-02-26,700.0,706.7000122070312,659.510009765625,675.5,675.5,41011300,TSLA,3747
2021-02-26,19.860000610351562,20.110000610351562,18.6299991607666,19.729999542236328,19.729999542236328,9255600,APA,3795
2021-02-26,218.63999938964844,219.5399932861328,214.05999755859375,214.13999938964844,214.13999938964844,1365600,STZ,3803
2021-02-26,83.91999816894531,84.44000244140625,80.16000366210938,83.05000305175781,83.05000305175781,4790700,PSX,3817
2021-02-26,230.30999755859375,230.30999755859375,223.6199951171875,224.9199981689453,224.9199981689453,3453500,AMGN,3871
2021-02-26,224.10000610351562,226.2899932861328,220.3800048828125,221.24000549316406,221.24000549316406,886700,AMP,3875
2021-02-26,104.1500015258789,109.4800033569336,103.68000030517578,108.02999877929688,108.02999877929688,15120900,SBUX,3909
2021-02-26,31.90999984741211,32.2400016784668,31.15999984741211,31.399999618530273,31.399999618530273,1318500,VNT,3987
2021-02-26,77.20999908447266,78.02999877929688,73.26000213623047,76.9800033569336,76.9800033569336,5344400,VLO,3991
2021-02-26,56.689998626708984,57.689998626708984,55.33000183105469,56.869998931884766,56.869998931884766,2262000,LNC,3996
2021-02-26,462.79998779296875,467.32000732421875,456.010009765625,459.6700134277344,459.6700134277344,3154500,ADBE,4005
2021-02-26,158.41000366210938,164.91000366210938,154.61000061035156,161.0,161.0,5159600,EXPE,4012
2021-02-26,195.22999572753906,195.47000122070312,190.74000549316406,192.77999877929688,192.77999877929688,722200,RMD,4028
2021-02-26,302.2699890136719,313.8500061035156,301.5199890136719,303.19000244140625,303.19000244140625,2004000,ANTM,4031
2021-02-26,25.889999389648438,26.860000610351562,25.270000457763672,26.75,26.75,57944500,CCL,4039
2021-02-26,51.4900016784668,51.66999816894531,50.369998931884766,50.689998626708984,50.689998626708984,2611100,HIG,4042
2021-02-26,124.5199966430664,124.81999969482422,122.61000061035156,123.26000213623047,123.26000213623047,1084800,DOV,4106
2021-02-26,87.61000061035156,87.68000030517578,85.5,85.94999694824219,85.94999694824219,4540100,PGR,4124
2021-02-26,206.1699981689453,206.17999267578125,198.52999877929688,199.6999969482422,199.6999969482422,2689400,CME,4129
2021-02-26,102.06999969482422,102.55000305175781,101.20999908447266,101.69000244140625,101.69000244140625,1993500,FMC,4146
2021-02-26,101.91999816894531,102.12000274658203,99.01000213623047,99.06999969482422,99.06999969482422,5936400,PLD,4156
2021-02-26,58.04999923706055,58.34000015258789,56.689998626708984,56.720001220703125,56.720001220703125,6091700,SO,4188
2021-02-26,17.700000762939453,17.8700008392334,17.399999618530273,17.690000534057617,17.690000534057617,5095100,HBI,4198
2021-02-26,86.19000244140625,86.97000122070312,85.25,85.38999938964844,85.38999938964844,2184000,BLL,4206
2021-02-26,11.119999885559082,11.319999694824219,10.460000038146973,11.100000381469727,11.100000381469727,40777000,MRO,4208
2021-02-26,255.27999877929688,257.2099914550781,251.41000366210938,252.05999755859375,252.05999755859375,1389300,NSC,4234
2021-02-26,73.93000030517578,73.93000030517578,71.98999786376953,71.98999786376953,71.98999786376953,7999300,RTX,4246
2021-02-26,32.56999969482422,32.83000183105469,32.16999816894531,32.209999084472656,32.209999084472656,8249400,KR,4272
2021-02-26,139.3000030517578,139.69000244140625,136.77999877929688,138.0,138.0,4181800,FIS,4279
2021-02-26,214.0500030517578,215.2100067138672,210.74000549316406,212.38999938964844,212.38999938964844,11726800,V,4282
2021-02-26,330.54998779296875,337.9100036621094,329.8500061035156,332.2200012207031,332.2200012207031,5430000,UNH,4288
2021-02-26,58.2400016784668,58.61000061035156,56.86000061035156,56.959999084472656,56.959999084472656,10838100,TFC,4300
2021-02-26,18.489999771118164,18.719999313354492,18.110000610351562,18.329999923706055,18.329999923706055,4911900,KIM,4306
2021-02-26,170.92999267578125,176.38999938964844,168.5,174.72999572753906,174.72999572753906,1418700,QRVO,4328
2021-02-26,246.77999877929688,248.2100067138672,244.17999267578125,244.27000427246094,244.27000427246094,2599300,LIN,4375
2021-02-26,383.6099853515625,390.0299987792969,379.0,379.6499938964844,379.6499938964844,1285000,HUM,4408
2021-02-26,298.5400085449219,301.54998779296875,285.0,297.3800048828125,297.3800048828125,1007900,URI,4419
2021-02-26,205.6300048828125,205.8000030517578,202.07000732421875,202.35000610351562,202.35000610351562,3665700,HON,4444
2021-02-26,26.8700008392334,27.34000015258789,26.100000381469727,26.479999542236328,26.479999542236328,3223700,UNM,4503
2021-02-26,95.81999969482422,96.0,93.30000305175781,93.4000015258789,93.4000015258789,700800,GL,4505
2021-02-26,36.5,36.900001525878906,35.81999969482422,36.5099983215332,36.5099983215332,7710600,NRG,4525
2021-02-26,561.4600219726562,574.739990234375,554.719970703125,567.1099853515625,567.1099853515625,1105615,ALGN,4599
2021-02-26,79.87000274658203,80.18000030517578,78.7300033569336,78.75,78.75,1549400,CHD,4604
2021-02-26,282.07000732421875,284.7099914550781,277.4100036621094,279.8399963378906,279.8399963378906,640700,ANET,4617
2021-02-26,137.10000610351562,138.25,133.7899932861328,135.25999450683594,135.25999450683594,3654800,AXP,4628
2021-02-26,133.13999938964844,133.97000122070312,125.30999755859375,125.33000183105469,125.33000183105469,1061600,UHS,4630
2021-02-26,29.959999084472656,30.15999984741211,29.040000915527344,29.09000015258789,29.09000015258789,5326800,PEAK,4634
2021-02-26,278.0299987792969,279.5,272.1300048828125,273.8800048828125,273.8800048828125,493500,WAT,4644
2021-02-26,62.029998779296875,62.70000076293945,61.2599983215332,61.33000183105469,61.33000183105469,13229500,BMY,4648
2021-02-26,174.9600067138672,174.9600067138672,169.33999633789062,169.52000427246094,169.52000427246094,1880100,MCK,4654
2021-02-26,224.0,232.2899932861328,206.3699951171875,220.27000427246094,220.27000427246094,11043400,ETSY,4685
2021-02-26,284.5,285.3900146484375,276.4200134277344,277.30999755859375,277.30999755859375,705600,FLT,4687
2021-02-26,122.58999633789062,124.8499984741211,121.19999694824219,121.26000213623047,121.26000213623047,164320000,AAPL,4688
2021-02-26,69.2699966430664,69.33000183105469,68.0199966430664,68.12999725341797,68.12999725341797,10222700,CVS,4696
2021-02-26,45.220001220703125,45.779998779296875,44.369998931884766,45.150001525878906,45.150001525878906,4889100,CTVA,4707
2021-02-26,91.11000061035156,92.0,90.31999969482422,91.06999969482422,91.06999969482422,2407300,PAYX,4725
2021-02-26,177.80999755859375,179.69000244140625,175.2100067138672,175.2100067138672,175.2100067138672,701900,AVY,4729
2021-02-26,54.81999969482422,55.22999954223633,52.16999816894531,54.619998931884766,54.619998931884766,6259300,MPC,4733
2021-02-26,87.36000061035156,87.87999725341797,85.87000274658203,85.9000015258789,85.9000015258789,3235700,EMR,4738
2021-02-26,550.0999755859375,554.1799926757812,534.4400024414062,548.5800170898438,548.5800170898438,12514600,NVDA,4754
2021-02-26,47.09000015258789,47.220001220703125,46.27000045776367,46.369998931884766,46.369998931884766,2443800,HRL,4767
2021-02-26,121.44999694824219,121.44999694824219,117.66999816894531,117.72000122070312,117.72000122070312,1705100,DTE,4774
2021-02-26,168.19000244140625,170.5800018310547,165.2100067138672,168.85000610351562,168.85000610351562,1600600,FTNT,4786
2021-02-26,48.529998779296875,48.650001525878906,47.61000061035156,47.810001373291016,47.810001373291016,1926000,L,4820
2021-02-26,90.55000305175781,91.5,89.08000183105469,89.08999633789062,89.08999633789062,2081600,RSG,4949
2021-02-26,75.05000305175781,76.6500015258789,74.72000122070312,75.7699966430664,75.7699966430664,2695900,CBRE,4960
2021-02-26,18.110000610351562,18.56999969482422,17.8700008392334,18.200000762939453,18.200000762939453,2747465,UA,4967
2021-02-26,135.89999389648438,136.85000610351562,133.36000061035156,134.77999877929688,134.77999877929688,6649100,NKE,4988
2021-02-26,135.8300018310547,138.77999877929688,133.47000122070312,137.3300018310547,137.3300018310547,1267300,DRI,4999
2021-02-26,45.150001525878906,45.599998474121094,43.41999816894531,44.290000915527344,44.290000915527344,4407400,OKE,5004
2021-02-26,21.600000381469727,22.290000915527344,21.350000381469727,21.889999389648438,21.889999389648438,4500000,UAA,5007
2021-02-26,329.7099914550781,332.3999938964844,323.760009765625,324.3399963378906,324.3399963378906,562200,CTAS,5009
2021-02-26,21.020000457763672,21.770000457763672,20.360000610351562,21.540000915527344,21.540000915527344,16249300,DVN,5037
2021-02-26,33.150001525878906,33.849998474121094,32.79999923706055,33.310001373291016,33.310001373291016,5149000,FOXA,5061
2021-02-26,454.7200012207031,455.9100036621094,448.8299865722656,450.0799865722656,450.0799865722656,2152500,TMO,5108
2021-02-26,56.470001220703125,56.61000061035156,55.290000915527344,55.29999923706055,55.29999923706055,23928700,VZ,5127
2021-02-26,582.3699951171875,583.2999877929688,571.7000122070312,576.6699829101562,576.6699829101562,214000,TDG,5166
2021-02-26,67.19000244140625,67.62000274658203,65.55999755859375,65.6500015258789,65.6500015258789,4071500,ED,5171
2021-02-26,37.099998474121094,37.40999984741211,35.93000030517578,36.16999816894531,36.16999816894531,39450500,WFC,5195
2021-02-26,37.970001220703125,38.779998779296875,37.7400016784668,38.2400016784668,38.2400016784668,8023300,GLW,5202
2021-02-26,203.3000030517578,205.42999267578125,201.63999938964844,203.11000061035156,203.11000061035156,677100,SNA,5204
2021-02-26,38.77000045776367,39.459999084472656,37.97999954223633,38.68000030517578,38.68000030517578,7518200,SYF,5208
2021-02-26,148.0500030517578,148.92999267578125,145.55999755859375,145.64999389648438,145.64999389648438,1053900,HSY,5210
2021-02-26,340.9599914550781,349.0199890136719,337.9800109863281,340.989990234375,340.989990234375,871800,ANSS,5212
2021-02-26,3095.199951171875,3122.43994140625,3036.699951171875,3092.929931640625,3092.929931640625,4273500,AMZN,5215
2021-02-26,20.420000076293945,20.6299991607666,19.959999084472656,20.139999389648438,20.139999389648438,9586300,KEY,5216
2021-02-26,105.22000122070312,105.27999877929688,103.20999908447266,103.52999877929688,103.52999877929688,2018900,YUM,5241
2021-02-26,71.52999877929688,72.63999938964844,70.25,70.2699966430664,70.2699966430664,2361100,AEE,5252
2021-02-26,126.94999694824219,129.86000061035156,124.02999877929688,128.61000061035156,128.61000061035156,1925000,TER,5281
2021-02-26,119.29000091552734,122.0199966430664,118.4800033569336,119.51000213623047,119.51000213623047,1397900,KMX,5298
2021-02-26,220.75,222.39999389648438,215.82000732421875,215.8800048828125,215.8800048828125,4460400,CAT,5364
2021-02-26,150.24000549316406,154.7100067138672,146.42999267578125,152.6300048828125,152.6300048828125,3110100,MCHP,5370
2021-02-26,546.510009765625,553.0900268554688,538.0,538.8499755859375,538.8499755859375,3755574,NFLX,5371
2021-02-26,1118.31005859375,1129.030029296875,1107.27001953125,1116.050048828125,1116.050048828125,195000,MTD,5374
2021-02-26,92.83999633789062,93.19999694824219,90.83999633789062,90.98999786376953,90.98999786376953,2708900,PCAR,5402
2021-02-26,101.94000244140625,102.72000122070312,99.0999984741211,99.12999725341797,99.12999725341797,1360800,BXP,5412
2021-02-26,28.68000030517578,28.790000915527344,27.889999389648438,27.889999389648438,27.889999389648438,77464400,T,5430
2021-02-26,89.05000305175781,91.25,88.43000030517578,88.44999694824219,88.44999694824219,4607400,LDOS,5432
2021-02-26,76.87000274658203,79.08000183105469,75.0,77.05999755859375,77.05999755859375,35307600,TWTR,5434
2021-02-26,119.94000244140625,119.98999786376953,115.93000030517578,116.63999938964844,116.63999938964844,1794200,ROST,5513
2021-02-26,224.0,224.9600067138672,219.8300018310547,220.63999938964844,220.63999938964844,1000600,WLTW,5544
2021-02-26,79.37000274658203,79.80999755859375,77.29000091552734,77.79000091552734,77.79000091552734,1997700,RHI,5567
2021-02-26,68.30999755859375,68.30999755859375,65.4000015258789,65.98999786376953,65.98999786376953,9964400,TJX,5665
2021-02-26,174.77000427246094,176.64999389648438,173.4499969482422,174.83999633789062,174.83999633789062,1322100,SWK,5673
2021-02-26,45.0,45.25,43.630001068115234,43.95000076293945,43.95000076293945,6178000,AIG,5706
2021-02-26,588.5999755859375,592.9199829101562,578.0,584.5,584.5,242300,BIO,5711
2021-02-26,257.45001220703125,261.8599853515625,253.11399841308594,259.8500061035156,259.8500061035156,11908300,PYPL,5715
2021-02-26,153.2899932861328,153.86000061035156,151.60000610351562,152.75,152.75,2228700,ALXN,5716
2021-02-26,1429.4300537109375,1460.0400390625,1411.8499755859375,1442.0,1442.0,443500,CMG,5728
2021-02-26,148.08999633789062,148.17999267578125,145.17999267578125,145.5,145.5,1529100,TRV,5731
2021-02-26,84.58999633789062,85.76000213623047,82.6500015258789,83.8499984741211,83.8499984741211,1536000,PWR,5737
2021-02-26,189.60000610351562,189.8300018310547,187.25999450683594,188.99000549316406,188.99000549316406,3138700,DG,5795
2021-02-26,86.5199966430664,86.91000366210938,83.9800033569336,84.0199966430664,84.0199966430664,5650400,PM,5843
2021-02-26,675.6900024414062,690.8300170898438,675.5499877929688,680.3400268554688,680.3400268554688,818700,SHW,5845
2021-02-26,55.650001525878906,56.439998626708984,55.13999938964844,55.790000915527344,55.790000915527344,6865000,JCI,5852
2021-02-26,74.06999969482422,74.08000183105469,71.4800033569336,71.58000183105469,71.58000183105469,1186300,BF-B,5854
2021-02-26,278.2799987792969,278.9200134277344,269.30999755859375,272.8800048828125,272.8800048828125,1534600,BIIB,5869
2021-02-26,124.16999816894531,125.55999755859375,123.52010345458984,124.0199966430664,124.0199966430664,939782,GRMN,5874
2021-02-26,162.6199951171875,163.17999267578125,159.60000610351562,159.69000244140625,159.69000244140625,2312500,ARE,5879
2021-02-26,112.69999694824219,113.7300033569336,110.70999908447266,110.88999938964844,110.88999938964844,2607600,WM,5882
2021-02-26,70.26000213623047,70.61000061035156,69.12000274658203,69.13999938964844,69.13999938964844,3481400,CERN,5900
2021-02-26,76.5,77.33000183105469,74.80000305175781,74.8499984741211,74.8499984741211,4432500,AEP,5905
2021-02-26,96.0,97.20999908447266,95.16000366210938,95.61000061035156,95.61000061035156,6387800,ATVI,5917
2021-02-26,23.469999313354492,23.6200008392334,23.1200008392334,23.280000686645508,23.280000686645508,5096900,JNPR,5920
2021-02-26,42.7400016784668,43.470001220703125,42.16999816894531,42.939998626708984,42.939998626708984,2773300,VNO,5948
2021-02-26,92.12999725341797,92.80000305175781,91.29000091552734,91.83999633789062,91.83999633789062,1676600,EXPD,5952
2021-02-26,112.61000061035156,112.98999786376953,110.13999938964844,110.30999755859375,110.30999755859375,3259700,ICE,5954
2021-02-26,134.92999267578125,138.0,134.50999450683594,134.72999572753906,134.72999572753906,2722100,DLR,5960
2021-02-26,72.9800033569336,73.69999694824219,69.88999938964844,69.93000030517578,69.93000030517578,1309300,PNW,5980
2021-02-26,112.94000244140625,114.55000305175781,111.4800033569336,113.70999908447266,113.70999908447266,983600,CTLT,5992
2021-02-26,190.0500030517578,192.25999450683594,184.52999877929688,189.97999572753906,189.97999572753906,752200,FFIV,6020
2021-02-26,34.380001068115234,34.810001373291016,33.72999954223633,33.869998931884766,33.869998931884766,6625700,WY,6068
2021-02-26,25.969999313354492,26.469999313354492,25.549999237060547,26.1200008392334,26.1200008392334,5222100,IPG,6158
2021-02-26,46.38999938964844,46.91999816894531,46.0099983215332,46.369998931884766,46.369998931884766,4489900,FAST,6163
2021-02-26,122.25,122.25,118.87999725341797,118.93000030517578,118.93000030517578,9044900,IBM,6176
2021-02-26,179.44000244140625,179.4499969482422,174.61000061035156,175.05999755859375,175.05999755859375,3363300,MMM,6177
2021-02-26,66.77999877929688,67.5999984741211,65.54000091552734,65.87999725341797,65.87999725341797,24170600,C,6245
2021-02-26,119.51000213623047,119.51000213623047,115.97000122070312,115.9800033569336,115.9800033569336,2138100,SRE,6247
2021-02-26,37.25,37.40999984741211,36.369998931884766,36.380001068115234,36.380001068115234,7889200,KHC,6269
2021-02-26,72.58999633789062,75.47000122070312,72.55999755859375,73.2300033569336,73.2300033569336,3657800,STX,6272
2021-02-26,39.5099983215332,39.689998626708984,38.72999954223633,38.779998779296875,38.779998779296875,13454400,BSX,6318
2021-02-26,390.4599914550781,396.6099853515625,385.0,390.1400146484375,390.1400146484375,1765300,INTU,6332
2021-02-26,45.58000183105469,45.779998779296875,44.7599983215332,44.869998931884766,44.869998931884766,22142400,CSCO,6402
2021-02-26,62.5099983215332,63.5,61.529998779296875,62.599998474121094,62.599998474121094,5716000,LVS,6413
2021-02-26,69.87999725341797,71.02999877929688,68.68000030517578,70.31999969482422,70.31999969482422,7084600,DD,6448
2021-02-26,60.849998474121094,61.04999923706055,58.79999923706055,59.310001373291016,59.310001373291016,6398900,DOW,6459
2021-02-26,62.349998474121094,63.95000076293945,61.33000183105469,62.599998474121094,62.599998474121094,4087000,NTAP,6463
2021-02-26,22.670000076293945,23.18000030517578,22.530000686645508,22.920000076293945,22.920000076293945,596200,NWS,6468
2021-02-26,122.93000030517578,123.51000213623047,120.6500015258789,122.06999969482422,122.06999969482422,1909700,A,6474
2021-02-26,140.4499969482422,140.97999572753906,137.8000030517578,138.2899932861328,138.2899932861328,939465,NDAQ,6475
2021-02-26,80.97000122070312,82.44000244140625,79.43000030517578,79.4800033569336,79.4800033569336,2347500,ES,6500
2021-02-26,232.1300048828125,232.1300048828125,226.8699951171875,227.7100067138672,227.7100067138672,1845900,AON,6510
2021-02-26,47.540000915527344,48.029998779296875,45.9900016784668,46.15999984741211,46.15999984741211,1700800,LNT,6512
2021-02-26,52.599998474121094,52.86000061035156,50.86000061035156,52.0099983215332,52.0099983215332,13233600,COP,6517
2021-02-26,48.56999969482422,48.59000015258789,47.54999923706055,47.93000030517578,47.93000030517578,9429000,WBA,6569
2021-02-26,14.930000305175781,15.0,14.5600004196167,14.850000381469727,14.850000381469727,15768200,VTRS,6624
2021-02-26,27.81999969482422,28.350000381469727,26.540000915527344,27.90999984741211,27.90999984741211,22475400,SLB,6642
2021-02-26,4508.52978515625,4562.85009765625,4462.9501953125,4500.83984375,4500.83984375,26100,NVR,6660
2021-02-26,94.44000244140625,96.0,92.4000015258789,94.06999969482422,94.06999969482422,2256800,DFS,6666
2021-02-26,53.84000015258789,54.06999969482422,53.099998474121094,53.400001525878906,53.400001525878906,1260300,FLIR,6671
2021-02-26,75.66000366210938,77.93000030517578,75.16000366210938,76.87000274658203,76.87000274658203,4991500,DHI,6698
2021-02-26,131.47999572753906,131.80999755859375,129.86000061035156,129.9199981689453,129.9199981689453,14146800,WMT,6707
2021-02-26,118.58000183105469,118.58000183105469,115.08000183105469,115.22000122070312,115.22000122070312,1845700,MMC,6751
2021-02-26,48.4900016784668,48.939998626708984,47.790000915527344,47.88999938964844,47.88999938964844,6661800,AFL,6766
2021-02-26,69.25,69.3499984741211,63.41999816894531,64.55999755859375,64.55999755859375,9257400,EOG,6813
2021-02-26,20.610000610351562,21.43000030517578,20.34000015258789,20.940000534057617,20.940000534057617,42254600,AAL,6833
2021-02-26,100.0199966430664,101.05999755859375,96.4800033569336,99.95999908447266,99.95999908447266,800200,PVH,6862
2021-02-26,42.5,42.91999816894531,41.22999954223633,42.13999938964844,42.13999938964844,4458400,TPR,6864
2021-02-26,11.279999732971191,11.34000015258789,10.920000076293945,10.9399995803833,10.9399995803833,7558600,AMCR,6912
2021-02-26,118.55999755859375,118.93000030517578,116.7699966430664,116.97000122070312,116.97000122070312,5224100,MDT,6914
2021-02-26,27.059999465942383,27.06999969482422,26.149999618530273,26.190000534057617,26.190000534057617,9396700,PPL,6921
2021-02-26,50.43000030517578,51.040000915527344,49.380001068115234,50.34000015258789,50.34000015258789,1564900,TXT,6935
2021-02-26,206.6999969482422,206.99000549316406,202.05999755859375,204.88999938964844,204.88999938964844,3887400,LLY,6946
2021-02-26,182.3000030517578,183.0500030517578,180.11000061035156,181.0500030517578,181.0500030517578,1731700,CLX,6970
2021-02-26,136.75999450683594,138.14999389648438,134.6999969482422,136.19000244140625,136.19000244140625,11770300,QCOM,6995
2021-02-26,107.68000030517578,108.58000183105469,105.36000061035156,107.73999786376953,107.73999786376953,9249000,ABBV,7038
2021-02-26,50.08000183105469,50.470001220703125,49.2599983215332,49.650001525878906,49.650001525878906,3259100,IP,7049
2021-02-26,61.36000061035156,61.93000030517578,60.20000076293945,60.2599983215332,60.2599983215332,3298400,O,7060
2021-02-26,162.0,162.41000366210938,157.97000122070312,158.4600067138672,158.4600067138672,14356800,JNJ,7064
2021-02-26,380.7300109863281,380.7300109863281,370.1099853515625,371.0,371.0,303000,TDY,7065
2021-02-26,45.7400016784668,46.13999938964844,45.33000183105469,45.47999954223633,45.47999954223633,2432800,CPB,7066
2021-02-26,229.38999938964844,230.5,216.33999633789062,216.5,216.5,20361100,CRM,7093
2021-02-26,62.0099983215332,62.91999816894531,61.36000061035156,61.849998474121094,61.849998474121094,2094700,HSIC,7143
2021-02-26,160.0,160.5,155.6300048828125,155.75,155.75,3615300,CCI,7168
2021-02-26,70.43000030517578,70.61000061035156,67.87000274658203,67.9000015258789,67.9000015258789,3739800,WELL,7176
2021-02-26,54.099998474121094,54.45000076293945,52.15999984741211,53.16999816894531,53.16999816894531,1710500,ZION,7180
2021-02-26,33.66999816894531,33.810001373291016,33.09000015258789,33.13999938964844,33.13999938964844,4229700,FE,7195
2021-02-26,20.200000762939453,20.329999923706055,19.40999984741211,19.510000228881836,19.510000228881836,11883300,NLOK,7214
2021-02-26,467.5299987792969,475.760009765625,460.739990234375,469.8699951171875,469.8699951171875,2264000,AVGO,7239
2021-02-26,16.40999984741211,16.799999237060547,16.149999618530273,16.59000015258789,16.59000015258789,9523600,HST,7265
2021-02-26,78.04000091552734,78.8499984741211,76.33000183105469,76.87000274658203,76.87000274658203,30391600,MS,7271
2021-02-26,55.470001220703125,56.130001068115234,53.91999816894531,53.9900016784668,53.9900016784668,2913700,EIX,7273
2021-02-26,92.55000305175781,92.9000015258789,91.08000183105469,91.55000305175781,91.55000305175781,3844200,CSX,7311
2021-02-26,214.32000732421875,215.72999572753906,210.6699981689453,212.33999633789062,212.33999633789062,552700,KSU,7322
2021-02-26,210.2100067138672,210.2100067138672,205.85000610351562,205.9600067138672,205.9600067138672,3707900,UNP,7335
2021-02-26,65.54000091552734,66.27999877929688,64.5,64.51000213623047,64.51000213623047,20511200,ORCL,7409
2021-02-26,257.7699890136719,260.239990234375,256.1099853515625,258.3399963378906,258.3399963378906,7870100,HD,7454
2021-02-26,325.7699890136719,328.67999267578125,319.0400085449219,319.4800109863281,319.4800109863281,3731100,GS,7458
2021-02-26,278.92999267578125,283.9700012207031,276.8299865722656,280.6499938964844,280.6499938964844,668200,WST,7486
2021-02-26,2029.949951171875,2056.52001953125,2001.010009765625,2021.9100341796875,2021.9100341796875,2001500,GOOGL,7514
2021-02-26,80.86000061035156,81.38999938964844,79.0999984741211,79.7699966430664,79.7699966430664,751700,LW,7517
2021-02-26,179.36000061035156,180.72000122070312,173.91000366210938,177.82000732421875,177.82000732421875,2912700,SWKS,7521
2021-02-26,164.72000122070312,165.10000610351562,162.16000366210938,163.85000610351562,163.85000610351562,1898200,VRSK,7524
2021-02-26,256.4700012207031,265.54998779296875,256.4700012207031,257.6199951171875,257.6199951171875,26593900,FB,7538
2021-02-26,129.25999450683594,132.94000244140625,128.1699981689453,131.72999572753906,131.72999572753906,2251100,WYNN,7638
2021-02-26,180.47000122070312,180.5399932861328,175.67999267578125,175.75,175.75,1412000,AVB,7680
2021-02-26,19.530000686645508,19.850000381469727,19.309999465942383,19.440000534057617,19.440000534057617,10415200,CNP,7688
2021-02-26,160.8699951171875,163.42999267578125,159.8800048828125,162.13999938964844,162.13999938964844,1562500,TROW,7696
2021-02-26,189.69000244140625,192.8699951171875,187.00999450683594,190.0800018310547,190.0800018310547,665800,WHR,7816
2021-02-26,45.79999923706055,46.06999969482422,44.36000061035156,44.45000076293945,44.45000076293945,2636800,TAP,7827
2021-02-26,193.82000732421875,195.27000427246094,189.38999938964844,192.7899932861328,192.7899932861328,1383200,IQV,7842
2021-02-26,62.779998779296875,62.790000915527344,61.38999938964844,61.400001525878906,61.400001525878906,10394000,GILD,7919
2021-02-26,102.79000091552734,103.6500015258789,100.47000122070312,101.16999816894531,101.16999816894531,896800,FRT,7926
2021-02-26,93.04000091552734,94.33000183105469,91.25,93.16999816894531,93.16999816894531,1870600,MXIM,7952
2021-02-26,139.05999755859375,140.50999450683594,135.77999877929688,138.91000366210938,138.91000366210938,1143200,CE,7986
2021-02-26,119.75,121.66000366210938,118.87999725341797,119.97000122070312,119.97000122070312,5117600,TMUS,7996
2021-02-26,30.469999313354492,30.799999237060547,28.399999618530273,29.399999618530273,29.399999618530273,7288900,MOS,8023
2021-02-26,54.40999984741211,55.060001373291016,53.119998931884766,54.369998931884766,54.369998931884766,35284500,XOM,8066
2021-02-26,15.180000305175781,15.319999694824219,14.460000038146973,15.100000381469727,15.100000381469727,4726300,NOV,8098
2021-02-26,42.150001525878906,42.75,41.779998779296875,41.900001525878906,41.900001525878906,1597100,SEE,8124
2021-02-26,150.3000030517578,150.8699951171875,146.50999450683594,147.1699981689453,147.1699981689453,19823300,JPM,8135
2021-02-26,54.83000183105469,55.439998626708984,53.43000030517578,53.630001068115234,53.630001068115234,3491400,EVRG,8138
2021-02-26,210.75,211.63999938964844,206.13999938964844,206.13999938964844,206.13999938964844,5331800,MCD,8147
2021-02-26,214.6699981689453,215.5,209.33999633789062,212.5500030517578,212.5500030517578,3083300,VRTX,8155
2021-02-26,185.3800048828125,186.99000549316406,182.3800048828125,184.4600067138672,184.4600067138672,1476400,TTWO,8192
2021-02-26,514.280029296875,524.239990234375,504.5899963378906,505.3599853515625,505.3599853515625,542700,SIVB,8206
2021-02-26,82.01000213623047,83.80999755859375,80.62000274658203,80.63999938964844,80.63999938964844,2261800,WEC,8211
2021-02-26,15.529999732971191,15.640000343322754,15.109999656677246,15.34000015258789,15.34000015258789,16143500,HBAN,8233
2021-02-26,174.0800018310547,177.66000366210938,172.3800048828125,174.99000549316406,174.99000549316406,838200,MHK,8270
2021-02-26,117.5,119.05999755859375,114.30000305175781,117.08000183105469,117.08000183105469,947500,RL,8292
2021-02-26,108.54000091552734,109.12000274658203,106.58000183105469,106.5999984741211,106.5999984741211,2795400,ALL,8350
2021-02-26,257.57000732421875,259.9200134277344,254.66000366210938,255.1300048828125,255.1300048828125,1676800,SBAC,8358
2021-02-26,602.489990234375,627.3800048828125,601.5,613.4199829101562,613.4199829101562,1618700,CHTR,8369
2021-02-26,259.3699951171875,261.1099853515625,255.57000732421875,255.6199951171875,255.6199951171875,1285500,APD,8378
2021-02-26,84.51000213623047,84.79000091552734,83.76000213623047,84.27999877929688,84.27999877929688,1377700,MKC,8392
2021-02-26,91.0,94.2300033569336,89.2699966430664,93.2699966430664,93.2699966430664,5559100,RCL,8402
2021-02-26,255.24000549316406,255.85000610351562,249.80999755859375,250.89999389648438,250.89999389648438,2712800,ACN,8431
2021-02-26,179.02999877929688,181.9199981689453,177.58999633789062,179.0399932861328,179.0399932861328,528700,IT,8432
2021-02-26,396.7900085449219,402.489990234375,386.1199951171875,397.7799987792969,397.7799987792969,683200,DXCM,8492
2021-02-26,254.92999267578125,257.4599914550781,250.5,254.5,254.5,1738200,FDX,8500
2021-02-26,59.0,59.15999984741211,57.630001068115234,57.709999084472656,57.709999084472656,4904500,K,8510
2021-02-26,551.6699829101562,561.2100219726562,543.1300048828125,555.9400024414062,555.9400024414062,282800,MKTX,8533
2021-02-26,148.72000122070312,150.5800018310547,144.7100067138672,149.83999633789062,149.83999633789062,2580200,APTV,8604
2021-02-26,12.050000190734863,12.399999618530273,12.020000457763672,12.289999961853027,12.289999961853027,13551900,LUMN,8673
2021-02-26,67.4800033569336,69.81999969482422,67.0,69.06999969482422,69.06999969482422,1982900,SLG,8694
2021-02-26,43.70000076293945,44.25,43.09000015258789,43.59000015258789,43.59000015258789,2495600,WRK,8718
2021-02-26,218.50999450683594,220.66000366210938,211.2899932861328,212.00999450683594,212.00999450683594,12811900,BA,8729
2021-02-26,154.50999450683594,154.72999572753906,150.24000549316406,150.94000244140625,150.94000244140625,1285000,MTB,8736
2021-02-26,69.33000183105469,69.94999694824219,68.11000061035156,68.7300033569336,68.7300033569336,1812500,OMC,8755
2021-02-26,52.380001068115234,53.70000076293945,52.380001068115234,53.06999969482422,53.06999969482422,2661000,XRAY,8788
2021-02-26,322.010009765625,327.82000732421875,314.42999267578125,324.54998779296875,324.54998779296875,430000,ABMD,8790
2021-02-26,18.889999389648438,19.059999465942383,18.059999465942383,18.510000228881836,18.510000228881836,5675000,COG,8798
2021-02-26,299.7200012207031,300.0799865722656,291.6000061035156,291.6600036621094,291.6600036621094,1156100,NOC,8803
2021-02-26,90.77999877929688,91.16000366210938,89.55000305175781,90.16000366210938,90.16000366210938,1866800,INFO,8847
2021-02-26,99.23999786376953,100.55000305175781,97.13999938964844,98.95999908447266,98.95999908447266,981100,CBOE,8855
2021-02-26,70.69000244140625,71.06999969482422,68.19000244140625,68.31999969482422,68.31999969482422,7574200,D,8873
2021-02-26,51.290000915527344,51.33000183105469,49.849998474121094,50.0,50.0,9491300,USB,8959
2021-02-26,175.72000122070312,176.0,174.88999938964844,175.27000427246094,175.27000427246094,1386600,VAR,9006
2021-02-26,455.8399963378906,457.1700134277344,445.57000732421875,450.57000732421875,450.57000732421875,1193500,REGN,9007
2021-02-26,119.52999877929688,121.31999969482422,116.66999816894531,120.19000244140625,120.19000244140625,3996000,COF,9037
2021-02-26,381.3500061035156,382.4200134277344,372.7099914550781,372.7099914550781,372.7099914550781,368900,GWW,9040
2021-02-26,54.2599983215332,54.290000915527344,53.150001525878906,53.15999984741211,53.15999984741211,8862000,MDLZ,9041
2021-02-26,135.7100067138672,137.8300018310547,133.91000366210938,133.97000122070312,133.97000122070312,3646600,EA,9058
2021-02-26,222.1300048828125,222.8000030517578,219.55999755859375,219.6699981689453,219.6699981689453,3129400,DHR,9059
2021-02-26,96.0,96.56999969482422,94.12999725341797,94.5,94.5,2696207,AKAM,9081
2021-02-26,243.72999572753906,244.8300018310547,233.85000610351562,233.94000244140625,233.94000244140625,1110900,PSA,9082
2021-02-26,50.20000076293945,50.209999084472656,48.970001220703125,48.9900016784668,48.9900016784668,23633800,KO,9092
2021-02-26,55.459999084472656,55.84000015258789,54.18000030517578,54.380001068115234,54.380001068115234,10485900,NEM,9102
2021-02-26,22.360000610351562,22.709999084472656,21.829999923706055,22.420000076293945,22.420000076293945,4700500,IVZ,9114
2021-02-26,113.87000274658203,116.45999908447266,111.26000213623047,112.91999816894531,112.91999816894531,3963300,SPG,9142
2021-02-26,92.2699966430664,95.06999969482422,92.0,93.70999908447266,93.70999908447266,2478700,HAS,9163
2021-02-26,21.100000381469727,21.280000686645508,20.489999771118164,20.6299991607666,20.6299991607666,12723300,RF,9165
2021-02-26,59.97999954223633,60.65999984741211,58.5,58.59000015258789,58.59000015258789,3744100,XEL,9297
2021-02-26,393.8900146484375,393.8900146484375,385.7099914550781,386.1300048828125,386.1300048828125,297200,COO,9319
2021-02-26,88.27999877929688,89.0199966430664,86.80000305175781,86.80999755859375,86.80999755859375,1710100,ETR,9321
2021-02-26,403.1499938964844,406.9200134277344,394.9700012207031,398.1199951171875,398.1199951171875,206600,TFX,9391
2021-02-26,12.680000305175781,12.84000015258789,12.40999984741211,12.539999961853027,12.539999961853027,88613600,GE,9403
2021-02-26,24.790000915527344,25.6200008392334,24.200000762939453,25.219999313354492,25.219999313354492,2661500,DXC,9425
2021-02-26,153.52000427246094,155.36000061035156,152.38999938964844,153.24000549316406,153.24000549316406,1296300,TT,9426
2021-02-26,24.989999771118164,25.56999969482422,24.209999084472656,24.950000762939453,24.950000762939453,6662900,GPS,9427
2021-02-26,115.0999984741211,116.62999725341797,114.19999694824219,115.58999633789062,115.58999633789062,1519000,DGX,9452
2021-02-26,247.33999633789062,247.33999633789062,242.11000061035156,242.69000244140625,242.69000244140625,1164700,SYK,9454
2021-02-26,167.47999572753906,169.05999755859375,164.5,166.99000549316406,166.99000549316406,926400,VMC,9476
2021-02-26,103.23999786376953,104.94000244140625,101.36000061035156,103.08999633789062,103.08999633789062,2021200,LYB,9481
2021-02-26,34.90999984741211,35.529998779296875,34.36000061035156,34.689998626708984,34.689998626708984,9869200,FITB,9492
2021-02-26,23.229999542236328,23.34000015258789,22.5,22.84000015258789,22.84000015258789,10419000,WMB,9505
2021-02-26,11.890000343322754,11.979999542236328,11.539999961853027,11.699999809265137,11.699999809265137,69576800,F,9507
2021-02-26,62.0,64.87999725341797,61.0,64.48999786376953,64.48999786376953,16359900,VIAC,9557
2021-02-26,346.20001220703125,354.4100036621094,344.05999755859375,349.1199951171875,349.1199951171875,2536400,DE,9576
2021-02-26,87.43000030517578,88.26000213623047,85.47000122070312,86.72000122070312,86.72000122070312,2749300,PRU,9582
2021-02-26,187.0,187.0,181.60000610351562,181.91000366210938,181.91000366210938,1763900,LHX,9622
2021-02-26,156.55999755859375,157.75,152.25999450683594,155.82000732421875,155.82000732421875,5574200,ADI,9637
2021-02-26,66.01000213623047,66.79000091552734,63.150001525878906,65.52999877929688,65.52999877929688,2391900,HES,9640
2021-02-26,33.84000015258789,33.900001525878906,33.36000061035156,33.4900016784668,33.4900016784668,41418100,PFE,9688
2021-02-26,26.399999618530273,27.139999389648438,26.1200008392334,26.559999465942383,26.559999465942383,5892200,AES,9693
2021-02-26,28.360000610351562,28.59000015258789,27.790000915527344,28.110000610351562,28.110000610351562,3186200,HWM,9700
2021-02-26,73.43000030517578,73.80000305175781,72.12999725341797,72.7699966430664,72.7699966430664,3589100,STT,9718
2021-02-26,173.42999267578125,176.17999267578125,172.19000244140625,174.8000030517578,174.8000030517578,1100000,STE,9740
2021-02-26,51.5099983215332,53.40999984741211,51.20000076293945,52.68000030517578,52.68000030517578,18310500,UAL,9772
2021-02-26,158.36000061035156,159.7100067138672,155.6699981689453,156.88999938964844,156.88999938964844,954900,CDW,9829
2021-02-26,89.73999786376953,92.94000244140625,88.2300033569336,91.52999877929688,91.52999877929688,22778300,MU,9839
2021-02-26,99.58999633789062,100.72000122070312,98.06999969482422,98.19999694824219,98.19999694824219,3058000,DLTR,9850
2021-02-26,60.88999938964844,61.689998626708984,59.68000030517578,60.779998779296875,60.779998779296875,38210400,INTC,9853
